descending_body,descending_type,direct_visual_weight,indirect_visual_weight,indirect_pathway_count,total_weight,direct_fraction
10228,DNp06,1591.0,18237,446,19828.0,0.0802400645551745
10010,DNp01,6424.0,13001,371,19425.0,0.3307078507078507
10584,DNp06,1280.0,16240,460,17520.0,0.0730593607305936
10283,DNp103,3050.0,13441,610,16491.0,0.1849493663210236
10001,DNp01,4800.0,10910,363,15710.0,0.305537873965627
10558,DNp35,694.0,13457,533,14151.0,0.04904247049678468
10234,DNp35,690.0,13188,482,13878.0,0.04971897968006917
10417,DNp103,2350.0,11508,520,13858.0,0.16957713955837783
531898,DNp04,8768.0,4376,349,13144.0,0.6670724284844796
10259,DNp11,2078.0,9165,630,11243.0,0.1848261140265054
10752,DNp03,1828.0,8671,329,10499.0,0.17411182017334983
11137,DNp04,6227.0,3925,295,10152.0,0.6133766745468873
10106,DNp11,1659.0,7896,643,9555.0,0.17362637362637362
10923,DNg40,2272.0,7102,273,9374.0,0.24237251973543844
10989,DNp03,680.0,7775,314,8455.0,0.08042578356002365
10361,DNg40,1706.0,6070,244,7776.0,0.21939300411522633
10197,DNp02,2279.0,4245,163,6524.0,0.3493255671367259
10117,DNp02,1935.0,4559,193,6494.0,0.29796735448105943
10065,DNb05,15.0,6348,270,6363.0,0.0023573785950023575
10264,DNp31,0.0,6317,346,6317.0,0.0
524470,DNbe001,0.0,6154,334,6154.0,0.0
515575,DNp26,0.0,5977,322,5977.0,0.0
10118,DNb05,15.0,5905,262,5920.0,0.002533783783783784
10957,DNp69,33.0,5327,288,5360.0,0.006156716417910448
524001,DNp05,717.0,4365,225,5082.0,0.141086186540732
10562,DNp26,0.0,4929,295,4929.0,0.0
11020,DNp05,625.0,4149,208,4774.0,0.13091746962714704
10249,DNp31,0.0,4774,266,4774.0,0.0
33037,DNp69,19.0,4749,282,4768.0,0.003984899328859061
11028,DNb09,0.0,4661,155,4661.0,0.0
10469,DNbe001,0.0,4276,263,4276.0,0.0
10411,DNb09,0.0,4177,149,4177.0,0.0
11961,DNp57,0.0,3935,192,3935.0,0.0
10783,DNp09,104.0,3805,223,3909.0,0.02660526988999744
10244,DNp55,107.0,3670,161,3777.0,0.02832936192745565
10379,DNa10,0.0,3753,334,3753.0,0.0
803433,DNp57,0.0,3706,189,3706.0,0.0
11133,DNp70,71.0,3572,264,3643.0,0.019489431786988747
11088,DNp55,55.0,3540,156,3595.0,0.015299026425591099
10580,DNp70,50.0,3415,260,3465.0,0.01443001443001443
230783,DNg97,0.0,3326,85,3326.0,0.0
10091,DNpe042,279.0,3041,249,3320.0,0.08403614457831325
10931,DNpe045,139.0,3164,179,3303.0,0.0420829548894944
12628,DNpe042,246.0,2926,236,3172.0,0.07755359394703656
11513,DNp07,4.0,3110,222,3114.0,0.0012845215157353885
10030,pIP1,8.0,3105,270,3113.0,0.00256986829424992
523329,DNa10,0.0,3077,318,3077.0,0.0
10223,DNpe056,876.0,2144,271,3020.0,0.2900662251655629
10038,pIP1,1.0,2985,285,2986.0,0.0003348961821835231
10732,DNpe056,750.0,2220,316,2970.0,0.25252525252525254
519771,DNp71,799.0,2137,199,2936.0,0.2721389645776567
11704,DNp07,0.0,2915,191,2915.0,0.0
11334,DNpe045,195.0,2529,183,2724.0,0.07158590308370044
10360,DNa02,0.0,2678,140,2678.0,0.0
10026,DNp18,0.0,2642,91,2642.0,0.0
13805,DNg97,0.0,2616,99,2616.0,0.0
11177,DNp09,7.0,2571,186,2578.0,0.0027152831652443757
11159,DNp71,398.0,2104,178,2502.0,0.15907274180655476
10056,DNg100,0.0,2469,45,2469.0,0.0
523769,DNa02,0.0,2429,121,2429.0,0.0
10045,DNg100,0.0,2396,49,2396.0,0.0
521262,DNae002,0.0,2358,122,2358.0,0.0
536048,DNp27,23.0,2280,684,2303.0,0.00998697351280938
10048,DNp18,0.0,2284,77,2284.0,0.0
11057,DNbe004,0.0,2239,114,2239.0,0.0
10760,DNa01,0.0,2232,56,2232.0,0.0
11814,DNa04,0.0,2185,143,2185.0,0.0
521377,DNpe024,0.0,2171,205,2171.0,0.0
522345,DNpe037,5.0,2141,223,2146.0,0.002329916123019571
11002,DNae002,0.0,2132,148,2132.0,0.0
10985,DNbe004,0.0,2122,112,2122.0,0.0
575082,DNpe021,112.0,1914,273,2026.0,0.055281342546890426
10601,DNpe025,655.0,1295,133,1950.0,0.33589743589743587
10968,DNp34,0.0,1939,114,1939.0,0.0
11365,DNbe007,0.0,1932,131,1932.0,0.0
10063,DNp27,22.0,1879,600,1901.0,0.011572856391372961
10449,DNpe025,644.0,1222,125,1866.0,0.34512325830653806
519410,DNp34,0.0,1850,100,1850.0,0.0
10924,DNa04,0.0,1838,182,1838.0,0.0
33335,DNpe024,0.0,1829,184,1829.0,0.0
11573,DNpe021,166.0,1657,255,1823.0,0.09105869445968184
10442,DNa01,0.0,1782,52,1782.0,0.0
10131,DNg74_a,0.0,1758,61,1758.0,0.0
18607,DNpe037,0.0,1645,222,1645.0,0.0
10654,DNb01,0.0,1631,102,1631.0,0.0
525960,DNa13,0.0,1614,51,1614.0,0.0
12222,DNpe031,1.0,1612,162,1613.0,0.0006199628022318661
10274,DNg108,0.0,1594,85,1594.0,0.0
10433,DNp10,0.0,1569,146,1569.0,0.0
11066,DNa13,0.0,1554,53,1554.0,0.0
10800,DNbe007,0.0,1545,130,1545.0,0.0
11290,DNp66,9.0,1529,142,1538.0,0.005851755526657998
10975,DNa03,0.0,1536,61,1536.0,0.0
12179,DNpe031,0.0,1515,163,1515.0,0.0
800845,DNp12,0.0,1505,144,1505.0,0.0
10590,DNpe052,114.0,1371,186,1485.0,0.07676767676767676
12218,DNpe031,2.0,1479,156,1481.0,0.0013504388926401081
11687,DNpe031,0.0,1479,158,1479.0,0.0
11846,DNp102,0.0,1472,96,1472.0,0.0
10281,DNg108,0.0,1470,83,1470.0,0.0
924571,DNp64,0.0,1457,119,1457.0,0.0
10810,DNp66,0.0,1428,147,1428.0,0.0
10377,DNge054,34.0,1376,142,1410.0,0.024113475177304965
12788,DNae004,0.0,1372,32,1372.0,0.0
11373,DNp102,0.0,1368,111,1368.0,0.0
10425,DNp10,0.0,1350,129,1350.0,0.0
516170,DNa13,0.0,1343,42,1343.0,0.0
555726,DNa13,0.0,1335,40,1335.0,0.0
10247,DNg74_a,0.0,1325,20,1325.0,0.0
11596,DNpe022,0.0,1324,105,1324.0,0.0
10813,DNp43,0.0,1290,125,1290.0,0.0
10104,aSP22,0.0,1284,119,1284.0,0.0
513711,DNa09,0.0,1271,88,1271.0,0.0
531859,DNpe022,0.0,1265,91,1265.0,0.0
10759,DNb01,0.0,1249,87,1249.0,0.0
10727,DNpe002,0.0,1237,99,1237.0,0.0
10296,DNge054,37.0,1200,140,1237.0,0.029911075181891674
10301,DNge050,0.0,1224,26,1224.0,0.0
14239,DNae004,0.0,1223,32,1223.0,0.0
10090,aSP22,0.0,1222,128,1222.0,0.0
11742,DNp104,0.0,1207,59,1207.0,0.0
68005,DNg82,0.0,1203,150,1203.0,0.0
10589,DNp43,0.0,1202,118,1202.0,0.0
17120,DNg82,0.0,1186,137,1186.0,0.0
10460,DNa09,0.0,1182,76,1182.0,0.0
11610,DNae007,0.0,1179,83,1179.0,0.0
11955,DNae010,0.0,1161,53,1161.0,0.0
11632,DNpe052,31.0,1119,167,1150.0,0.026956521739130435
11724,DNp64,0.0,1136,115,1136.0,0.0
14885,DNpe040,0.0,1134,149,1134.0,0.0
519624,DNa03,0.0,1134,66,1134.0,0.0
12801,DNa05,0.0,1125,62,1125.0,0.0
802893,DNpe016,0.0,1120,75,1120.0,0.0
520485,DNpe016,0.0,1120,77,1120.0,0.0
256420,DNge050,0.0,1118,23,1118.0,0.0
11072,DNp12,0.0,1109,79,1109.0,0.0
800868,DNpe002,0.0,1107,104,1107.0,0.0
12885,DNpe020,0.0,1081,92,1081.0,0.0
10844,DNge053,0.0,1071,46,1071.0,0.0
532050,DNp23,0.0,1066,69,1066.0,0.0
11770,DNae010,0.0,1040,57,1040.0,0.0
521317,DNp104,0.0,1036,56,1036.0,0.0
522961,DNp47,0.0,1032,71,1032.0,0.0
14328,DNpe040,0.0,1029,139,1029.0,0.0
10068,DNp30,2.0,1023,223,1025.0,0.001951219512195122
10280,DNp47,6.0,992,66,998.0,0.006012024048096192
519570,DNg82,0.0,997,111,997.0,0.0
519460,DNa16,0.0,985,53,985.0,0.0
28602,DNg01_b,0.0,972,102,972.0,0.0
10884,DNa15,0.0,964,50,964.0,0.0
10440,DNg16,0.0,953,22,953.0,0.0
15306,DNpe020,0.0,953,100,953.0,0.0
17179,DNa07,0.0,952,143,952.0,0.0
10033,DNg56,0.0,949,65,949.0,0.0
11830,DNa05,0.0,944,53,944.0,0.0
10177,DNg16,0.0,935,23,935.0,0.0
17199,DNg82,0.0,934,114,934.0,0.0
10770,DNp23,0.0,927,65,927.0,0.0
521190,DNae007,0.0,926,77,926.0,0.0
10192,DNg75,0.0,925,40,925.0,0.0
11944,DNpe026,0.0,919,90,919.0,0.0
10543,DNa16,0.0,915,70,915.0,0.0
10837,DNa15,0.0,903,49,903.0,0.0
12621,DNg56,0.0,901,68,901.0,0.0
13229,DNg41,0.0,891,22,891.0,0.0
11233,DNa11,0.0,870,117,870.0,0.0
10143,DNp30,2.0,867,208,869.0,0.0023014959723820483
10237,DNg30,0.0,855,91,855.0,0.0
19960,DNa07,0.0,848,121,848.0,0.0
519228,DNae005,0.0,832,106,832.0,0.0
10527,DNpe017,0.0,826,72,826.0,0.0
10384,DNp63,0.0,824,101,824.0,0.0
519896,DNa06,0.0,797,44,797.0,0.0
13568,DNg41,0.0,789,23,789.0,0.0
11625,DNae005,0.0,788,107,788.0,0.0
11257,DNp45,0.0,784,117,784.0,0.0
10366,DNp59,0.0,777,85,777.0,0.0
513643,DNpe039,0.0,775,96,775.0,0.0
10971,DNa11,0.0,766,94,766.0,0.0
11965,DNge053,0.0,758,41,758.0,0.0
11554,DNp63,0.0,743,102,743.0,0.0
555871,DNpe017,0.0,738,68,738.0,0.0
10575,DNde002,0.0,732,45,732.0,0.0
11215,DNp15,0.0,732,18,732.0,0.0
11613,DNp45,0.0,727,110,727.0,0.0
10672,DNae009,0.0,727,96,727.0,0.0
12075,DNb08,0.0,715,26,715.0,0.0
13649,DNg79,0.0,713,70,713.0,0.0
16369,DNg01_b,0.0,712,87,712.0,0.0
12027,DNp101,0.0,699,43,699.0,0.0
555472,DNae009,0.0,698,87,698.0,0.0
10674,DNp59,0.0,690,76,690.0,0.0
11314,DNae003,0.0,682,37,682.0,0.0
10151,DNge103,0.0,679,37,679.0,0.0
142338522,DNpe039,0.0,672,92,672.0,0.0
923203,DNpe005,0.0,671,95,671.0,0.0
518177,DNp08,0.0,668,71,668.0,0.0
11563,DNae001,0.0,666,44,666.0,0.0
10416,DNde002,0.0,666,48,666.0,0.0
11706,DNg111,0.0,665,87,665.0,0.0
10123,DNg30,0.0,663,73,663.0,0.0
10304,DNge041,0.0,663,81,663.0,0.0
11078,DNg96,0.0,661,19,661.0,0.0
564864,DNp19,0.0,654,31,654.0,0.0
11182,DNp101,0.0,638,44,638.0,0.0
512071,DNae001,0.0,637,45,637.0,0.0
12069,DNp15,0.0,637,22,637.0,0.0
521624,DNpe023,0.0,637,28,637.0,0.0
10464,DNp08,0.0,635,80,635.0,0.0
10713,DNp42,7.0,624,103,631.0,0.011093502377179081
513296,DNb03,0.0,622,30,622.0,0.0
10162,DNp20,0.0,620,11,620.0,0.0
506334,DNp42,4.0,615,111,619.0,0.006462035541195477
555500,DNg29,0.0,619,79,619.0,0.0
525595,DNg52,0.0,616,19,616.0,0.0
11410,DNpe023,0.0,616,31,616.0,0.0
11302,DNg104,0.0,600,66,600.0,0.0
11657,DNpe005,0.0,597,100,597.0,0.0
16829,DNb03,0.0,592,23,592.0,0.0
11876,DNae003,0.0,591,45,591.0,0.0
520300,DNg75,0.0,590,37,590.0,0.0
524412,DNa06,0.0,588,52,588.0,0.0
11259,DNp68,0.0,585,83,585.0,0.0
10458,DNp13,0.0,584,46,584.0,0.0
11222,DNg111,0.0,578,68,578.0,0.0
20418,DNpe053,0.0,578,92,578.0,0.0
10341,DNp19,0.0,577,37,577.0,0.0
10846,DNge107,0.0,575,47,575.0,0.0
10952,DNge107,0.0,563,39,563.0,0.0
10286,DNpe053,0.0,560,105,560.0,0.0
12177,DNpe050,0.0,559,48,559.0,0.0
16191,DNb03,0.0,557,25,557.0,0.0
12421,DNpe055,0.0,555,57,555.0,0.0
12044,DNb08,0.0,546,30,546.0,0.0
15442,DNg46,0.0,543,16,543.0,0.0
10536,DNg29,0.0,540,63,540.0,0.0
14048,DNg52,0.0,539,20,539.0,0.0
11859,DNpe050,0.0,535,58,535.0,0.0
10444,DNge035,0.0,534,11,534.0,0.0
11505,DNp54,0.0,532,100,532.0,0.0
11103,DNge141,0.0,531,88,531.0,0.0
16712,DNb03,0.0,530,26,530.0,0.0
11223,DNg79,0.0,528,69,528.0,0.0
810937,DNg46,0.0,524,12,524.0,0.0
12189,DNb08,0.0,521,23,521.0,0.0
10245,DNp36,0.0,519,56,519.0,0.0
10712,DNp36,0.0,516,57,516.0,0.0
13815,DNpe026,0.0,507,71,507.0,0.0
10388,DNp13,0.0,495,49,495.0,0.0
10853,DNge049,0.0,487,43,487.0,0.0
13268,DNg52,0.0,484,18,484.0,0.0
10216,DNge037,0.0,478,22,478.0,0.0
12362,DNpe055,0.0,478,52,478.0,0.0
11797,DNge041,0.0,475,70,475.0,0.0
11288,MDN,0.0,473,40,473.0,0.0
520898,DNb04,0.0,463,55,463.0,0.0
10447,DNge138,0.0,461,112,461.0,0.0
11575,DNge049,0.0,459,38,459.0,0.0
10979,DNge103,0.0,445,40,445.0,0.0
12587,DNge004,0.0,426,6,426.0,0.0
11420,DNge141,0.0,425,85,425.0,0.0
12550,DNb08,0.0,424,32,424.0,0.0
20962,DNg02_f,0.0,411,35,411.0,0.0
12707,DNpe043,0.0,404,56,404.0,0.0
10446,DNp73,0.0,403,27,403.0,0.0
11111,DNbe003,0.0,402,37,402.0,0.0
11261,DNp54,0.0,401,80,401.0,0.0
12348,MDN,0.0,399,33,399.0,0.0
11204,DNp49,0.0,385,59,385.0,0.0
12151,DNge138,0.0,382,83,382.0,0.0
10354,DNp73,0.0,381,24,381.0,0.0
523773,DNg52,0.0,380,17,380.0,0.0
12982,DNg91,0.0,380,33,380.0,0.0
233071,DNg04,0.0,380,28,380.0,0.0
10482,DNg35,0.0,377,30,377.0,0.0
11251,DNpe043,0.0,377,44,377.0,0.0
274021,DNg01_a,0.0,376,37,376.0,0.0
521298,DNge130,0.0,374,45,374.0,0.0
17331,DNg02_d,0.0,374,43,374.0,0.0
10221,DNge037,0.0,362,25,362.0,0.0
15105,DNg55,0.0,361,12,361.0,0.0
11479,DNb04,0.0,361,52,361.0,0.0
11332,MDN,0.0,359,39,359.0,0.0
28579,DNg01_a,0.0,355,32,355.0,0.0
10059,DNp20,0.0,354,9,354.0,0.0
18183,DNg02_f,0.0,353,28,353.0,0.0
12386,DNg84,0.0,350,16,350.0,0.0
12249,DNg104,0.0,347,67,347.0,0.0
11693,DNd03,0.0,341,83,341.0,0.0
10577,DNg96,0.0,339,14,339.0,0.0
12030,DNg91,0.0,337,37,337.0,0.0
516667,DNg02_e,0.0,334,24,334.0,0.0
11500,DNge043,0.0,329,32,329.0,0.0
13978,DNg79,0.0,324,50,324.0,0.0
512006,DNg13,0.0,321,42,321.0,0.0
11063,DNge032,4.0,313,64,317.0,0.012618296529968454
524146,"DNp51,DNpe019",0.0,315,16,315.0,0.0
12447,DNge124,0.0,314,35,314.0,0.0
12188,DNg84,0.0,312,19,312.0,0.0
14114,DNg69,0.0,311,13,311.0,0.0
13212,DNp53,0.0,310,16,310.0,0.0
11246,DNbe006,0.0,306,42,306.0,0.0
10520,DNg74_b,0.0,304,24,304.0,0.0
519400,DNg04,0.0,302,23,302.0,0.0
11074,DNg13,0.0,300,48,300.0,0.0
240034,DNg01_d,0.0,299,23,299.0,0.0
199352,DNge130,0.0,298,32,298.0,0.0
11737,DNge073,0.0,297,29,297.0,0.0
14432,DNge113,0.0,295,34,295.0,0.0
12601,DNge122,0.0,294,5,294.0,0.0
10582,DNge040,0.0,294,16,294.0,0.0
521197,DNp56,0.0,294,29,294.0,0.0
514489,DNg49,0.0,294,26,294.0,0.0
513783,DNg01_d,0.0,289,27,289.0,0.0
11458,DNge043,0.0,286,31,286.0,0.0
550221,DNg69,0.0,282,14,282.0,0.0
10885,DNg88,0.0,281,22,281.0,0.0
11297,DNbe003,0.0,278,37,278.0,0.0
25357,DNg02_d,0.0,275,28,275.0,0.0
12687,DNge113,0.0,275,27,275.0,0.0
10218,DNg35,0.0,274,35,274.0,0.0
10054,DNpe013,0.0,273,49,273.0,0.0
514021,DNg04,0.0,273,14,273.0,0.0
10763,MDN,0.0,271,36,271.0,0.0
522969,DNp53,0.0,269,22,269.0,0.0
14832,"DNp51,DNpe019",0.0,260,14,260.0,0.0
11258,DNd05,0.0,260,50,260.0,0.0
15720,DNge124,0.0,259,24,259.0,0.0
525454,DNg74_b,0.0,257,25,257.0,0.0
514197,DNge032,0.0,256,56,256.0,0.0
177685,DNg02_e,0.0,256,25,256.0,0.0
10676,DNg49,0.0,255,30,255.0,0.0
27254,DNg01_c,0.0,253,24,253.0,0.0
10700,DNpe001,0.0,251,29,251.0,0.0
531132,DNge073,0.0,251,21,251.0,0.0
14569,DNg04,0.0,249,25,249.0,0.0
12944,DNpe001,0.0,248,38,248.0,0.0
512938,DNd05,0.0,247,33,247.0,0.0
519773,DNge119,0.0,246,47,246.0,0.0
55546,DNg01_c,0.0,242,28,242.0,0.0
800099,DNge079,0.0,240,19,240.0,0.0
10842,CB0429,0.0,237,46,237.0,0.0
14964,DNge113,0.0,233,28,233.0,0.0
197252,DNg92_a,0.0,231,34,231.0,0.0
12306,DNp22,0.0,230,9,230.0,0.0
13130,DNg105,0.0,230,44,230.0,0.0
11872,DNp22,0.0,229,12,229.0,0.0
10739,DNg24,0.0,228,52,228.0,0.0
10888,DNb06,0.0,224,16,224.0,0.0
10711,DNb07,0.0,221,30,221.0,0.0
10552,DNp29,0.0,221,61,221.0,0.0
10124,DNg105,0.0,217,31,217.0,0.0
40700,DNge094,0.0,215,19,215.0,0.0
17471,DNg09_b,0.0,214,30,214.0,0.0
11298,DNp49,0.0,214,43,214.0,0.0
11256,DNge040,0.0,210,17,210.0,0.0
10668,DNge006,0.0,209,20,209.0,0.0
188933,DNg92_a,0.0,209,30,209.0,0.0
10834,DNpe013,0.0,208,49,208.0,0.0
12714,DNb07,0.0,205,33,205.0,0.0
11916,DNbe005,0.0,205,38,205.0,0.0
15047,DNge184,0.0,205,35,205.0,0.0
12223,DNpe027,0.0,203,28,203.0,0.0
13245,DNp46,0.0,203,39,203.0,0.0
11674,DNp68,0.0,202,39,202.0,0.0
555457,DNge079,0.0,202,18,202.0,0.0
12238,DNg32,0.0,202,38,202.0,0.0
12490,DNd04,0.0,201,28,201.0,0.0
10160,DNg90,0.0,197,47,197.0,0.0
27525,DNge094,0.0,196,19,196.0,0.0
16935,DNge097,0.0,190,17,190.0,0.0
11172,DNg32,0.0,187,36,187.0,0.0
11421,DNge048,0.0,187,17,187.0,0.0
351504,DNge094,0.0,187,20,187.0,0.0
14399,DNpe028,0.0,186,39,186.0,0.0
10856,DNge129,0.0,186,19,186.0,0.0
12133,DNbe005,0.0,185,39,185.0,0.0
556286,DNp32,0.0,184,76,184.0,0.0
15448,DNge097,0.0,184,10,184.0,0.0
520643,DNp46,0.0,184,41,184.0,0.0
10195,DNp29,0.0,184,60,184.0,0.0
12394,DNge148,0.0,181,37,181.0,0.0
10213,DNge083,0.0,181,15,181.0,0.0
11425,CB0429,0.0,178,38,178.0,0.0
515029,DNpe027,0.0,178,19,178.0,0.0
14247,DNge127,0.0,177,21,177.0,0.0
11116,pIP10,0.0,177,38,177.0,0.0
10544,DNg88,0.0,177,16,177.0,0.0
10959,DNg98,0.0,176,14,176.0,0.0
40447,DNg79,0.0,174,47,174.0,0.0
10649,DNp38,0.0,174,36,174.0,0.0
522432,DNp56,0.0,173,24,173.0,0.0
517830,DNge030,0.0,171,61,171.0,0.0
513052,DNg15,0.0,170,13,170.0,0.0
15575,DNge030,0.0,170,61,170.0,0.0
519538,DNg24,0.0,170,47,170.0,0.0
40792,DNge094,0.0,169,18,169.0,0.0
11369,DNc01,0.0,168,47,168.0,0.0
15681,DNge113,0.0,167,21,167.0,0.0
512720,DNge016,0.0,167,16,167.0,0.0
12102,DNp38,0.0,165,33,165.0,0.0
11310,DNge048,0.0,165,11,165.0,0.0
11486,DNd03,0.0,164,56,164.0,0.0
14842,DNge184,0.0,164,26,164.0,0.0
12214,DNg109,0.0,164,21,164.0,0.0
15326,DNg109,0.0,164,26,164.0,0.0
10734,DNg93,0.0,163,29,163.0,0.0
11006,DNge129,0.0,163,14,163.0,0.0
10717,DNg93,0.0,161,27,161.0,0.0
225466,DNg02_c,0.0,161,25,161.0,0.0
13218,DNg95,0.0,159,18,159.0,0.0
11931,DNd04,0.0,158,25,158.0,0.0
10141,DNg15,0.0,158,12,158.0,0.0
237936,DNg09_a,0.0,158,20,158.0,0.0
13633,DNg43,0.0,156,8,156.0,0.0
13514,DNae008,0.0,156,27,156.0,0.0
11540,DNge152,0.0,155,29,155.0,0.0
13444,DNg51,0.0,152,15,152.0,0.0
20289,DNg02_g,0.0,151,14,151.0,0.0
11466,DNge149,0.0,151,26,151.0,0.0
525126,DNg02_c,0.0,150,24,150.0,0.0
13277,DNg86,0.0,149,16,149.0,0.0
13377,DNg86,0.0,148,8,148.0,0.0
12670,DNg71,0.0,148,20,148.0,0.0
12407,DNge136,0.0,147,24,147.0,0.0
524968,DNp32,0.0,147,58,147.0,0.0
13652,DNge038,0.0,147,22,147.0,0.0
13133,DNge088,0.0,146,10,146.0,0.0
529568,DNp39,0.0,145,23,145.0,0.0
14096,DNpe003,0.0,145,28,145.0,0.0
23411,DNg02_a,0.0,144,17,144.0,0.0
39071,DNge094,0.0,144,17,144.0,0.0
13045,DNge086,0.0,143,19,143.0,0.0
13615,DNbe006,0.0,143,31,143.0,0.0
13254,"DNp51,DNpe019",0.0,143,23,143.0,0.0
13743,DNg51,0.0,142,17,142.0,0.0
10664,DNp33,0.0,142,13,142.0,0.0
12894,DNge011,0.0,141,15,141.0,0.0
10838,DNde005,0.0,140,14,140.0,0.0
10765,pMP2,0.0,140,23,140.0,0.0
10930,pMP2,0.0,140,24,140.0,0.0
12266,DNg43,0.0,139,13,139.0,0.0
11160,DNd02,0.0,138,21,138.0,0.0
22404,DNg02_a,0.0,138,22,138.0,0.0
10705,DNc02,2.0,136,74,138.0,0.014492753623188406
520118,DNge148,0.0,137,32,137.0,0.0
19773,DNg02_g,0.0,137,13,137.0,0.0
26652,DNge094,0.0,135,16,135.0,0.0
12995,DNde003,0.0,134,15,134.0,0.0
13030,DNge006,0.0,134,21,134.0,0.0
10895,DNg90,0.0,134,34,134.0,0.0
27607,DNge017,0.0,134,16,134.0,0.0
518563,DNg85,0.0,134,8,134.0,0.0
19489,DNpe010,0.0,133,31,133.0,0.0
11491,DNde005,0.0,133,13,133.0,0.0
21122,DNg02_a,0.0,133,14,133.0,0.0
63701,DNd02,0.0,131,33,131.0,0.0
10236,DNg99,0.0,130,18,130.0,0.0
12753,DNpe003,0.0,129,25,129.0,0.0
13700,DNg51,0.0,129,6,129.0,0.0
13034,DNg95,0.0,127,21,127.0,0.0
13507,DNg51,0.0,127,14,127.0,0.0
14264,DNde003,0.0,127,23,127.0,0.0
12405,DNge150,0.0,126,11,126.0,0.0
12089,DNde006,0.0,125,23,125.0,0.0
11424,DNge026,0.0,124,18,124.0,0.0
523378,DNae008,0.0,124,37,124.0,0.0
14846,DNp39,0.0,124,27,124.0,0.0
11075,DNg99,0.0,123,22,123.0,0.0
10394,DNg98,0.0,122,15,122.0,0.0
37163,DNpe008,0.0,120,9,120.0,0.0
11411,DNg31,0.0,120,9,120.0,0.0
11232,DNde003,0.0,119,23,119.0,0.0
19428,DNge144,0.0,118,8,118.0,0.0
14952,DNg09_b,0.0,117,19,117.0,0.0
33333,DNg02_g,0.0,116,11,116.0,0.0
523998,pIP10,0.0,115,30,115.0,0.0
10873,DNg39,0.0,114,17,114.0,0.0
38796,DNg92_b,0.0,113,21,113.0,0.0
27170,DNge017,0.0,112,17,112.0,0.0
14141,DNg42,0.0,111,19,111.0,0.0
312712,DNde003,0.0,111,15,111.0,0.0
516930,DNg81,0.0,109,23,109.0,0.0
92936,DNge083,0.0,109,16,109.0,0.0
13008,DNge140,0.0,109,24,109.0,0.0
12767,DNb02,0.0,108,26,108.0,0.0
11820,DNge123,0.0,107,13,107.0,0.0
11713,DNg101,0.0,107,31,107.0,0.0
15065,DNge016,0.0,106,13,106.0,0.0
529488,DNb02,0.0,105,27,105.0,0.0
12635,DNg19,0.0,105,15,105.0,0.0
17198,DNge035,0.0,105,7,105.0,0.0
13188,DNg81,0.0,105,20,105.0,0.0
10295,DNg34,0.0,104,25,104.0,0.0
13135,DNge122,0.0,103,2,103.0,0.0
10822,DNge047,0.0,103,37,103.0,0.0
13873,DNa14,0.0,102,26,102.0,0.0
12750,DNge136,0.0,101,25,101.0,0.0
11600,DNge084,0.0,101,13,101.0,0.0
11598,DNg31,0.0,100,8,100.0,0.0
11527,DNg101,0.0,100,30,100.0,0.0
13410,DNa14,0.0,99,29,99.0,0.0
11438,DNp33,0.0,99,15,99.0,0.0
13509,DNa08,0.0,98,32,98.0,0.0
512245,DNc01,0.0,98,54,98.0,0.0
15491,DNpe028,0.0,97,27,97.0,0.0
22393,DNg02_a,0.0,97,9,97.0,0.0
14936,DNge052,0.0,96,11,96.0,0.0
12085,DNge136,0.0,96,19,96.0,0.0
523435,DNg09_a,0.0,96,21,96.0,0.0
19570,DNpe010,0.0,95,22,95.0,0.0
22462,DNg02_g,0.0,95,12,95.0,0.0
11851,,0.0,95,30,95.0,0.0
11614,DNpe032,0.0,95,16,95.0,0.0
79943,DNg05_b,0.0,94,6,94.0,0.0
242405,DNge046,0.0,94,20,94.0,0.0
29639,DNg05_b,0.0,93,6,93.0,0.0
10313,DNge031,0.0,92,24,92.0,0.0
11158,DNge026,0.0,92,23,92.0,0.0
12771,DNge135,0.0,91,28,91.0,0.0
20531,DNg09_a,0.0,90,24,90.0,0.0
12860,DNg44,0.0,90,12,90.0,0.0
26049,DNg02_a,0.0,90,14,90.0,0.0
16731,DNg94,0.0,90,8,90.0,0.0
12000,DNge099,0.0,90,24,90.0,0.0
15063,DNg50,0.0,90,9,90.0,0.0
12374,DNge140,0.0,88,22,88.0,0.0
20234,DNge175,0.0,87,12,87.0,0.0
14357,DNg05_a,0.0,87,12,87.0,0.0
161406,"DNp51,DNpe019",0.0,86,14,86.0,0.0
36631,DNg05_b,0.0,85,3,85.0,0.0
13922,DNb02,0.0,85,23,85.0,0.0
519872,DNg09_a,0.0,83,14,83.0,0.0
26644,DNge094,0.0,83,15,83.0,0.0
13585,DNg34,0.0,82,21,82.0,0.0
575669,DNg71,0.0,82,13,82.0,0.0
26672,DNpe012_b,0.0,81,14,81.0,0.0
15072,DNpe004,0.0,81,20,81.0,0.0
83661,DNge046,0.0,81,17,81.0,0.0
20753,DNp16_b,0.0,81,15,81.0,0.0
14067,DNpe003,0.0,81,23,81.0,0.0
11392,DNa08,0.0,80,32,80.0,0.0
12325,DNp67,0.0,79,28,79.0,0.0
16118,DNge145,0.0,78,15,78.0,0.0
12175,DNge099,0.0,78,18,78.0,0.0
29310,DNg06,0.0,78,9,78.0,0.0
12435,DNp67,0.0,78,26,78.0,0.0
29685,DNp17,0.0,77,7,77.0,0.0
27598,DNp17,0.0,77,5,77.0,0.0
14387,DNge151,0.0,77,6,77.0,0.0
10710,DNg102,0.0,76,16,76.0,0.0
19871,DNg06,0.0,76,9,76.0,0.0
23882,DNge015,0.0,75,5,75.0,0.0
15485,DNge145,0.0,75,14,75.0,0.0
34569,DNpe008,0.0,74,6,74.0,0.0
14970,DNge052,0.0,74,14,74.0,0.0
224753,DNg05_b,0.0,74,3,74.0,0.0
24184,DNg110,0.0,74,10,74.0,0.0
25852,DNg02_a,0.0,73,15,73.0,0.0
15483,DNge175,0.0,72,13,72.0,0.0
11739,DNde007,0.0,72,11,72.0,0.0
96106,DNbe002,0.0,72,24,72.0,0.0
12039,DNge135,0.0,72,22,72.0,0.0
32961,DNpe008,0.0,71,6,71.0,0.0
532787,DNg92_b,0.0,71,17,71.0,0.0
15156,DNge147,0.0,71,14,71.0,0.0
519715,DNbe002,0.0,71,24,71.0,0.0
13445,DNge046,0.0,70,8,70.0,0.0
14375,DNpe003,0.0,69,16,69.0,0.0
35398,DNp17,0.0,69,7,69.0,0.0
12874,DNde001,0.0,68,24,68.0,0.0
26079,DNg02_b,0.0,68,14,68.0,0.0
27735,DNge110,0.0,68,8,68.0,0.0
24752,DNp72,0.0,67,7,67.0,0.0
28905,DNg02_a,0.0,67,11,67.0,0.0
12781,DNge104,0.0,67,5,67.0,0.0
13104,DNpe030,0.0,67,17,67.0,0.0
21403,DNge183,0.0,66,6,66.0,0.0
13176,DNg85,0.0,66,4,66.0,0.0
10499,DNge039,0.0,65,19,65.0,0.0
12787,DNge033,0.0,65,14,65.0,0.0
38416,DNpe008,0.0,65,8,65.0,0.0
12378,DNge007,0.0,65,12,65.0,0.0
34023,DNp17,0.0,64,5,64.0,0.0
223170,DNge145,0.0,64,12,64.0,0.0
11647,DNpe006,0.0,63,22,63.0,0.0
35630,DNp17,0.0,63,7,63.0,0.0
40934,DNpe008,0.0,63,9,63.0,0.0
14046,DNg42,0.0,62,12,62.0,0.0
17967,DNde006,0.0,62,14,62.0,0.0
20051,DNge183,0.0,61,5,61.0,0.0
42051,DNpe054,0.0,61,9,61.0,0.0
15064,DNg05_a,0.0,61,10,61.0,0.0
28940,DNg94,0.0,61,10,61.0,0.0
10342,DNc02,3.0,58,27,61.0,0.04918032786885246
14989,DNge127,0.0,60,24,60.0,0.0
25205,DNg92_b,0.0,60,10,60.0,0.0
12610,DNg102,0.0,60,16,60.0,0.0
11065,DNp14,0.0,59,19,59.0,0.0
25861,DNge038,0.0,59,10,59.0,0.0
33007,DNp17,0.0,59,7,59.0,0.0
32263,DNpe008,0.0,58,9,58.0,0.0
28949,DNg07,0.0,58,7,58.0,0.0
10587,DNge011,0.0,58,18,58.0,0.0
203146,DNg06,0.0,58,7,58.0,0.0
295340,DNg02_c,0.0,58,12,58.0,0.0
12389,DNp60,0.0,58,13,58.0,0.0
21027,DNp17,0.0,57,9,57.0,0.0
13317,DNg33,0.0,57,17,57.0,0.0
25535,DNp17,0.0,57,5,57.0,0.0
12516,DNge047,0.0,57,25,57.0,0.0
21031,DNp72,0.0,56,6,56.0,0.0
37098,DNpe057,0.0,56,11,56.0,0.0
11198,DNg19,0.0,56,14,56.0,0.0
27490,DNge015,0.0,55,4,55.0,0.0
37212,DNpe008,0.0,55,3,55.0,0.0
27437,DNg07,0.0,55,6,55.0,0.0
20923,DNg110,0.0,54,8,54.0,0.0
186380,DNge144,0.0,54,14,54.0,0.0
113166,DNpe018,0.0,54,11,54.0,0.0
23341,DNg110,0.0,53,11,53.0,0.0
19691,DNge110,0.0,53,7,53.0,0.0
801976,DNpe032,0.0,52,12,52.0,0.0
36102,DNge136,0.0,51,12,51.0,0.0
54021,DNpe054,0.0,51,9,51.0,0.0
309831,DNg01_unclear,0.0,51,19,51.0,0.0
13178,DNge039,0.0,51,14,51.0,0.0
30827,DNg36_b,0.0,50,6,50.0,0.0
12443,DNbe002,0.0,50,23,50.0,0.0
15014,DNge121,0.0,50,7,50.0,0.0
78641,DNpe057,0.0,50,7,50.0,0.0
15995,DNge013,0.0,50,11,50.0,0.0
22692,DNg110,0.0,50,10,50.0,0.0
13432,DNg66,0.0,50,10,50.0,0.0
13092,DNp60,0.0,49,18,49.0,0.0
22627,DNge095,0.0,49,6,49.0,0.0
12136,DNg102,0.0,49,19,49.0,0.0
67982,DNge013,0.0,48,8,48.0,0.0
13065,DNge084,0.0,48,12,48.0,0.0
18072,DNp16_a,0.0,48,11,48.0,0.0
217430,DNg06,0.0,48,9,48.0,0.0
35899,DNpe008,0.0,48,6,48.0,0.0
10805,DNb02,0.0,47,19,47.0,0.0
36721,DNpe054,0.0,47,8,47.0,0.0
20849,DNg02_b,0.0,46,11,46.0,0.0
33424,DNg02_b,0.0,46,12,46.0,0.0
31641,DNg02_a,0.0,46,7,46.0,0.0
12043,DNg102,0.0,46,10,46.0,0.0
45757,DNg92_b,0.0,45,15,45.0,0.0
11948,DNge142,0.0,45,7,45.0,0.0
13366,DNde001,0.0,45,20,45.0,0.0
20414,DNp16_a,0.0,45,11,45.0,0.0
30228,DNg02_a,0.0,45,7,45.0,0.0
13442,DNg33,0.0,44,13,44.0,0.0
16257,DNge091,0.0,44,3,44.0,0.0
29509,DNg07,0.0,44,4,44.0,0.0
556793,DNge111,0.0,44,17,44.0,0.0
12239,DNbe002,0.0,44,13,44.0,0.0
13624,DNg62,0.0,44,5,44.0,0.0
12512,DNge010,0.0,43,13,43.0,0.0
525812,DNge091,0.0,43,10,43.0,0.0
552858,DNg06,0.0,43,5,43.0,0.0
565022,DNpe008,0.0,43,8,43.0,0.0
261604,DNg07,0.0,42,9,42.0,0.0
90235,DNp17,0.0,41,9,41.0,0.0
27001,DNge094,0.0,41,11,41.0,0.0
12619,DNge007,0.0,40,9,40.0,0.0
12620,DNp44,0.0,40,6,40.0,0.0
13295,DNge033,0.0,40,8,40.0,0.0
262979,DNg02_b,0.0,39,10,39.0,0.0
12794,DNg44,0.0,39,7,39.0,0.0
18110,DNge145,0.0,39,9,39.0,0.0
25474,DNg07,0.0,39,7,39.0,0.0
21712,DNp16_b,0.0,38,13,38.0,0.0
13403,DNp21,0.0,38,8,38.0,0.0
15509,DNge091,0.0,38,5,38.0,0.0
13759,DNge010,0.0,37,8,37.0,0.0
11380,DNp14,0.0,37,16,37.0,0.0
48618,DNp17,0.0,37,6,37.0,0.0
27143,DNg07,0.0,37,3,37.0,0.0
535963,DNge014,0.0,37,9,37.0,0.0
39283,DNg36_b,0.0,37,7,37.0,0.0
15988,DNge064,0.0,36,2,36.0,0.0
37135,DNg02_b,0.0,36,9,36.0,0.0
12647,DNge125,0.0,36,6,36.0,0.0
209655,DNg06,0.0,36,8,36.0,0.0
11459,DNpe006,0.0,35,13,35.0,0.0
17727,DNg09_a,0.0,35,12,35.0,0.0
97614,DNp17,0.0,35,5,35.0,0.0
13627,DNge082,0.0,35,5,35.0,0.0
512037,DNpe009,0.0,35,8,35.0,0.0
516904,DNde007,0.0,35,8,35.0,0.0
302599,DNg02_c,0.0,35,12,35.0,0.0
14271,DNae006,0.0,35,12,35.0,0.0
10506,DNg37,0.0,35,5,35.0,0.0
31059,DNpe054,0.0,35,7,35.0,0.0
31421,DNg07,0.0,34,4,34.0,0.0
35988,DNg02_a,0.0,34,5,34.0,0.0
18532,DNg09_a,0.0,34,10,34.0,0.0
42002,DNge176,0.0,33,8,33.0,0.0
530343,DNpe054,0.0,33,9,33.0,0.0
56057,DNpe011,0.0,32,9,32.0,0.0
12705,DNge123,0.0,32,12,32.0,0.0
10724,DNp62,0.0,32,17,32.0,0.0
524141,DNge091,0.0,32,5,32.0,0.0
801562,DNge088,0.0,32,11,32.0,0.0
96166,DNge176,0.0,32,5,32.0,0.0
26452,DNg07,0.0,31,5,31.0,0.0
11765,DNge142,0.0,31,10,31.0,0.0
34830,DNg36_b,0.0,31,5,31.0,0.0
524225,DNg14,0.0,31,3,31.0,0.0
19749,DNge091,0.0,31,5,31.0,0.0
20185,DNg36_a,0.0,30,9,30.0,0.0
99955,DNpe011,0.0,30,5,30.0,0.0
14887,DNge072,0.0,29,12,29.0,0.0
13857,DNge139,0.0,29,11,29.0,0.0
521445,DNge063,0.0,29,8,29.0,0.0
238699,DNg07,0.0,29,7,29.0,0.0
53514,DNpe008,0.0,29,5,29.0,0.0
42465,DNg06,0.0,29,5,29.0,0.0
42226,DNpe008,0.0,29,6,29.0,0.0
10135,DNge031,0.0,29,8,29.0,0.0
20745,DNpe009,0.0,29,6,29.0,0.0
36172,DNg06,0.0,29,6,29.0,0.0
49210,DNpe011,0.0,28,7,28.0,0.0
11889,DNge065,0.0,28,5,28.0,0.0
12453,DNg50,0.0,28,5,28.0,0.0
218845,DNg06,0.0,28,6,28.0,0.0
25634,DNge091,0.0,28,4,28.0,0.0
24058,DNge014,0.0,27,6,27.0,0.0
13539,,0.0,27,9,27.0,0.0
26591,DNg07,0.0,27,5,27.0,0.0
14332,DNae006,0.0,27,10,27.0,0.0
11482,DNge065,0.0,26,7,26.0,0.0
14234,DNg64,0.0,26,11,26.0,0.0
15811,DNg45,0.0,26,11,26.0,0.0
513057,DNge046,0.0,26,11,26.0,0.0
513056,DNge086,0.0,26,10,26.0,0.0
14265,DNge133,0.0,25,11,25.0,0.0
24466,DNpe012_b,0.0,25,7,25.0,0.0
21589,DNge111,0.0,25,7,25.0,0.0
30161,DNg36_b,0.0,25,5,25.0,0.0
27135,DNge015,0.0,25,3,25.0,0.0
512751,DNge105,0.0,25,6,25.0,0.0
10504,DNp62,0.0,25,16,25.0,0.0
16746,DNge064,0.0,25,6,25.0,0.0
82411,DNg06,0.0,24,5,24.0,0.0
12493,DNge060,0.0,24,10,24.0,0.0
411306,DNg08,0.0,24,7,24.0,0.0
13249,DNpe034,0.0,24,6,24.0,0.0
26413,DNg07,0.0,24,6,24.0,0.0
44980,DNg03,0.0,23,11,23.0,0.0
33358,DNge116,0.0,23,5,23.0,0.0
11121,DNp52,0.0,23,9,23.0,0.0
12169,DNg87,0.0,23,7,23.0,0.0
12451,DNge128,0.0,23,5,23.0,0.0
17333,DNg106,0.0,23,10,23.0,0.0
12470,DNge056,0.0,23,8,23.0,0.0
23412,DNge181,0.0,22,5,22.0,0.0
50664,DNge071,0.0,22,2,22.0,0.0
39640,DNge126,0.0,22,7,22.0,0.0
28961,DNge116,0.0,22,3,22.0,0.0
21428,DNge091,0.0,22,8,22.0,0.0
11502,DNge132,0.0,22,11,22.0,0.0
12224,DNg14,0.0,22,7,22.0,0.0
574147,DNg36_a,0.0,22,8,22.0,0.0
71953,DNg06,0.0,22,6,22.0,0.0
58581,DNpe015,0.0,21,6,21.0,0.0
259442,DNpe015,0.0,21,6,21.0,0.0
69409,DNg06,0.0,21,5,21.0,0.0
25983,DNpe009,0.0,21,8,21.0,0.0
16471,DNg106,0.0,21,9,21.0,0.0
15800,DNge072,0.0,21,6,21.0,0.0
29854,DNpe015,0.0,21,6,21.0,0.0
23892,DNge095,0.0,21,4,21.0,0.0
11653,DNg27,0.0,20,10,20.0,0.0
32680,DNg36_b,0.0,20,2,20.0,0.0
31264,DNpe009,0.0,20,5,20.0,0.0
38064,DNg07,0.0,20,7,20.0,0.0
20643,DNg57,0.0,20,10,20.0,0.0
152243,DNpe057,0.0,20,7,20.0,0.0
35153,DNpe054,0.0,20,8,20.0,0.0
15454,DNg58,0.0,20,1,20.0,0.0
23819,DNge111,0.0,19,8,19.0,0.0
40248,DNpe008,0.0,19,8,19.0,0.0
38757,DNpe008,0.0,19,3,19.0,0.0
10336,DNg22,0.0,19,8,19.0,0.0
28678,DNg110,0.0,19,3,19.0,0.0
12831,DNpe030,0.0,19,8,19.0,0.0
28001,DNge094,0.0,19,8,19.0,0.0
26512,DNg07,0.0,19,7,19.0,0.0
217516,DNpe009,0.0,18,6,18.0,0.0
36263,DNge116,0.0,18,4,18.0,0.0
519206,DNp17,0.0,18,6,18.0,0.0
32832,DNg05_c,0.0,18,4,18.0,0.0
14446,DNpe014,0.0,18,7,18.0,0.0
16078,DNge181,0.0,18,7,18.0,0.0
23220,DNge111,0.0,18,7,18.0,0.0
13047,DNge133,0.0,18,12,18.0,0.0
32288,DNpe015,0.0,17,5,17.0,0.0
25465,DNg07,0.0,17,7,17.0,0.0
10967,DNg70,0.0,17,9,17.0,0.0
10578,DNpe034,0.0,17,4,17.0,0.0
12256,DNge056,0.0,17,7,17.0,0.0
519839,DNge062,0.0,17,4,17.0,0.0
11475,DNg27,0.0,17,8,17.0,0.0
27144,DNge092,0.0,17,6,17.0,0.0
21146,DNge091,0.0,16,5,16.0,0.0
169746,DNge114,0.0,16,6,16.0,0.0
14801,DNge111,0.0,16,6,16.0,0.0
94838,DNg03,0.0,16,9,16.0,0.0
15028,DNp41,0.0,16,5,16.0,0.0
15833,DNp52,0.0,16,9,16.0,0.0
17555,DNxl114,0.0,16,5,16.0,0.0
173593,DNpe008,0.0,16,2,16.0,0.0
13570,DNge063,0.0,16,9,16.0,0.0
42780,DNpe054,0.0,16,5,16.0,0.0
24232,DNg36_a,0.0,16,5,16.0,0.0
257825,DNg36_b,0.0,16,4,16.0,0.0
13022,DNge139,0.0,16,6,16.0,0.0
15347,DNge082,0.0,15,8,15.0,0.0
10686,DNge132,0.0,15,8,15.0,0.0
165031,DNpe018,0.0,15,3,15.0,0.0
10680,DNp48,0.0,15,7,15.0,0.0
22024,DNge181,0.0,15,4,15.0,0.0
20131,DNpe004,0.0,15,4,15.0,0.0
15673,DNg20,0.0,15,4,15.0,0.0
11662,DNp24,0.0,15,2,15.0,0.0
10833,DNge062,0.0,15,3,15.0,0.0
19030,DNge091,0.0,15,5,15.0,0.0
514485,DNg106,0.0,15,8,15.0,0.0
12743,DNge101,0.0,15,4,15.0,0.0
15148,DNg62,0.0,14,5,14.0,0.0
35519,DNpe015,0.0,14,3,14.0,0.0
21578,DNg106,0.0,14,9,14.0,0.0
29188,DNge108,0.0,14,5,14.0,0.0
24657,DNge091,0.0,14,3,14.0,0.0
31327,DNge108,0.0,14,7,14.0,0.0
24043,DNge090,0.0,14,7,14.0,0.0
12307,DNg59,0.0,14,7,14.0,0.0
19573,DNg08,0.0,14,5,14.0,0.0
34468,DNpe015,0.0,14,6,14.0,0.0
23178,DNge111,0.0,14,5,14.0,0.0
15457,DNpe004,0.0,14,4,14.0,0.0
98227,DNpe009,0.0,14,3,14.0,0.0
20354,DNg57,0.0,14,7,14.0,0.0
13891,DNg106,0.0,14,7,14.0,0.0
516821,DNge094,0.0,14,4,14.0,0.0
42178,DNg110,0.0,14,3,14.0,0.0
11986,DNge018,0.0,14,6,14.0,0.0
11374,DNg60,0.0,14,3,14.0,0.0
12590,DNg22,0.0,14,5,14.0,0.0
13508,DNg17,0.0,13,4,13.0,0.0
37025,DNg03,0.0,13,6,13.0,0.0
62405,DNg39,0.0,13,5,13.0,0.0
17019,DNpe004,0.0,13,8,13.0,0.0
44502,DNge071,0.0,13,2,13.0,0.0
69173,DNpe018,0.0,13,6,13.0,0.0
40157,DNg03,0.0,13,7,13.0,0.0
25188,DNg08,0.0,13,4,13.0,0.0
25283,DNg08,0.0,13,5,13.0,0.0
11048,DNge068,0.0,13,5,13.0,0.0
531434,DNg12_a,0.0,13,6,13.0,0.0
33851,DNg05_c,0.0,13,5,13.0,0.0
15286,DNg47,0.0,13,3,13.0,0.0
11427,DNge101,0.0,12,4,12.0,0.0
513079,DNp44,0.0,12,3,12.0,0.0
21863,DNg106,0.0,12,3,12.0,0.0
515785,DNg76,0.0,12,5,12.0,0.0
19962,DNge181,0.0,12,4,12.0,0.0
188947,DNg60,0.0,12,5,12.0,0.0
28000,DNg07,0.0,12,4,12.0,0.0
10823,DNp48,0.0,12,7,12.0,0.0
31338,DNge108,0.0,11,4,11.0,0.0
20774,DNg36_a,0.0,11,5,11.0,0.0
15847,DNg107,0.0,11,5,11.0,0.0
12485,DNge125,0.0,11,6,11.0,0.0
51024,DNg03,0.0,11,6,11.0,0.0
516680,DNg64,0.0,11,6,11.0,0.0
49624,DNg03,0.0,11,7,11.0,0.0
15945,DNpe035,0.0,11,2,11.0,0.0
40549,DNg03,0.0,11,4,11.0,0.0
24987,DNpe012_b,0.0,11,8,11.0,0.0
15705,DNge081,0.0,11,2,11.0,0.0
15024,DNp21,0.0,11,5,11.0,0.0
34474,DNge089,0.0,11,2,11.0,0.0
185977,DNge102,0.0,11,4,11.0,0.0
519337,DNge120,0.0,11,5,11.0,0.0
16994,DNg17,0.0,11,4,11.0,0.0
14214,DNg106,0.0,11,4,11.0,0.0
20473,DNg12_c,0.0,11,2,11.0,0.0
13685,DNge008,0.0,11,5,11.0,0.0
22158,DNpe012_b,0.0,11,6,11.0,0.0
13348,DNg20,0.0,10,3,10.0,0.0
15394,DNge147,0.0,10,5,10.0,0.0
56587,DNg36_b,0.0,10,3,10.0,0.0
63287,DNg12_b,0.0,10,1,10.0,0.0
13964,,0.0,10,2,10.0,0.0
49928,DNge071,0.0,10,1,10.0,0.0
17101,DNg106,0.0,10,6,10.0,0.0
27113,DNge180,0.0,10,3,10.0,0.0
517881,DNg77,0.0,10,4,10.0,0.0
564865,DNge070,0.0,10,4,10.0,0.0
14154,DNg76,0.0,10,3,10.0,0.0
19038,DNg106,0.0,10,5,10.0,0.0
13996,DNge131,0.0,10,5,10.0,0.0
556329,DNge104,0.0,10,4,10.0,0.0
21155,DNg106,0.0,10,6,10.0,0.0
35233,DNg53,0.0,10,5,10.0,0.0
34031,DNge114,0.0,10,2,10.0,0.0
10535,DNg37,0.0,10,4,10.0,0.0
39248,DNg03,0.0,10,4,10.0,0.0
14306,DNg89,0.0,10,7,10.0,0.0
42102,DNge108,0.0,9,5,9.0,0.0
18122,DNg77,0.0,9,4,9.0,0.0
31987,DNpe015,0.0,9,6,9.0,0.0
19450,DNge091,0.0,9,3,9.0,0.0
39558,DNpe057,0.0,9,5,9.0,0.0
39014,DNge126,0.0,9,5,9.0,0.0
514025,DNg106,0.0,9,4,9.0,0.0
38848,DNge089,0.0,9,4,9.0,0.0
71633,DNpe015,0.0,9,5,9.0,0.0
267327,DNge089,0.0,9,3,9.0,0.0
12465,DNg48,0.0,9,3,9.0,0.0
17093,DNg45,0.0,9,5,9.0,0.0
37683,DNge114,0.0,9,5,9.0,0.0
16701,DNpe012_a,0.0,9,6,9.0,0.0
524190,DNge012,0.0,9,3,9.0,0.0
39735,DNg03,0.0,9,6,9.0,0.0
10163,DNge036,0.0,9,3,9.0,0.0
31381,DNg08,0.0,9,5,9.0,0.0
15939,DNp41,0.0,9,6,9.0,0.0
44826,DNg10,0.0,9,2,9.0,0.0
12583,DNg87,0.0,8,2,8.0,0.0
41705,DNpe008,0.0,8,4,8.0,0.0
14854,DNg72,0.0,8,2,8.0,0.0
21149,DNg107,0.0,8,6,8.0,0.0
540462,DNge154,0.0,8,3,8.0,0.0
28152,DNge180,0.0,8,3,8.0,0.0
11097,DNge067,0.0,8,3,8.0,0.0
25589,DNg07,0.0,8,2,8.0,0.0
14151,DNp24,0.0,8,3,8.0,0.0
13854,DNg89,0.0,8,5,8.0,0.0
38465,DNge089,0.0,8,4,8.0,0.0
15760,DNg72,0.0,8,2,8.0,0.0
12850,DNge070,0.0,8,3,8.0,0.0
25844,DNge058,0.0,8,1,8.0,0.0
12762,DNp41,0.0,8,4,8.0,0.0
27792,DNge093,0.0,8,3,8.0,0.0
10662,DNge003,0.0,8,4,8.0,0.0
26587,DNg08,0.0,8,2,8.0,0.0
54278,DNg03,0.0,8,5,8.0,0.0
32166,DNpe012_a,0.0,8,5,8.0,0.0
170107,DNge182,0.0,8,3,8.0,0.0
15825,DNg21,0.0,7,3,7.0,0.0
11676,DNg26,0.0,7,4,7.0,0.0
21624,DNg12_a,0.0,7,4,7.0,0.0
924718,DNge095,0.0,7,3,7.0,0.0
26182,DNg08,0.0,7,3,7.0,0.0
19247,DNg106,0.0,7,5,7.0,0.0
25461,DNg08,0.0,7,2,7.0,0.0
29934,DNpe012_a,0.0,7,4,7.0,0.0
19455,DNg12_h,0.0,7,2,7.0,0.0
24350,DNge114,0.0,7,4,7.0,0.0
63718,DNg10,0.0,7,2,7.0,0.0
15835,DNp25,0.0,7,2,7.0,0.0
24354,DNge090,0.0,7,3,7.0,0.0
39774,DNpe008,0.0,7,2,7.0,0.0
56214,DNg03,0.0,7,4,7.0,0.0
40959,DNge089,0.0,7,4,7.0,0.0
13278,DNge076,0.0,7,1,7.0,0.0
13096,DNge018,0.0,7,3,7.0,0.0
15502,DNp41,0.0,7,4,7.0,0.0
44952,DNge071,0.0,7,2,7.0,0.0
15568,DNg11,0.0,6,3,6.0,0.0
515978,DNg08,0.0,6,1,6.0,0.0
14213,DNge060,0.0,6,3,6.0,0.0
26232,DNg08,0.0,6,1,6.0,0.0
34162,DNge114,0.0,6,2,6.0,0.0
12480,DNg26,0.0,6,3,6.0,0.0
11241,DNge143,0.0,6,3,6.0,0.0
26984,DNge115,0.0,6,3,6.0,0.0
27615,DNge115,0.0,6,4,6.0,0.0
27800,DNpe012_a,0.0,6,4,6.0,0.0
28519,DNg08,0.0,6,3,6.0,0.0
28756,DNg08,0.0,6,3,6.0,0.0
24038,DNg08,0.0,6,4,6.0,0.0
12092,DNge027,0.0,6,3,6.0,0.0
34887,DNpe015,0.0,6,3,6.0,0.0
21278,DNg106,0.0,6,4,6.0,0.0
11127,DNge059,0.0,6,2,6.0,0.0
20515,DNg08,0.0,6,3,6.0,0.0
19994,DNge091,0.0,6,2,6.0,0.0
14421,DNge131,0.0,6,4,6.0,0.0
40782,DNpe008,0.0,6,3,6.0,0.0
10703,DNge036,0.0,6,2,6.0,0.0
13006,DNge076,0.0,6,2,6.0,0.0
46578,DNg10,0.0,6,2,6.0,0.0
41951,DNpe008,0.0,6,4,6.0,0.0
178516,DNpe029,0.0,5,4,5.0,0.0
13257,DNp25,0.0,5,1,5.0,0.0
30503,DNpe015,0.0,5,3,5.0,0.0
48949,DNg10,0.0,5,2,5.0,0.0
28414,DNge116,0.0,5,3,5.0,0.0
11131,DNg70,0.0,5,3,5.0,0.0
27626,DNge093,0.0,5,2,5.0,0.0
31609,DNge114,0.0,5,3,5.0,0.0
25249,DNge092,0.0,5,3,5.0,0.0
25504,DNge092,0.0,5,2,5.0,0.0
27041,DNg08,0.0,5,3,5.0,0.0
40701,DNg12_b,0.0,5,1,5.0,0.0
14793,DNge121,0.0,5,4,5.0,0.0
33116,DNge089,0.0,5,2,5.0,0.0
12038,DNg38,0.0,5,1,5.0,0.0
16079,DNge068,0.0,5,2,5.0,0.0
12170,DNge044,0.0,5,3,5.0,0.0
12210,DNg68,0.0,5,4,5.0,0.0
518309,DNpe007,0.0,5,3,5.0,0.0
19084,DNge029,0.0,5,3,5.0,0.0
12775,DNg26,0.0,5,4,5.0,0.0
15821,DNge081,0.0,5,2,5.0,0.0
41346,DNge094,0.0,5,2,5.0,0.0
37310,DNpe041,0.0,5,2,5.0,0.0
20054,DNge091,0.0,5,3,5.0,0.0
17373,DNg58,0.0,5,1,5.0,0.0
909612,DNg11,0.0,4,2,4.0,0.0
12484,DNge067,0.0,4,2,4.0,0.0
13625,DNge137,0.0,4,2,4.0,0.0
555293,DNge146,0.0,4,2,4.0,0.0
11821,DNge075,0.0,4,2,4.0,0.0
17386,DNg12_d,0.0,4,2,4.0,0.0
20821,DNg08,0.0,4,2,4.0,0.0
16221,DNg21,0.0,4,2,4.0,0.0
24374,DNg08,0.0,4,1,4.0,0.0
29594,DNg08,0.0,4,2,4.0,0.0
16864,DNg59,0.0,4,3,4.0,0.0
97980,DNpe029,0.0,4,3,4.0,0.0
26464,DNge115,0.0,4,3,4.0,0.0
18159,DNge174,0.0,4,1,4.0,0.0
18556,DNg03,0.0,4,2,4.0,0.0
18616,DNg12_a,0.0,4,2,4.0,0.0
33876,DNge085,0.0,4,2,4.0,0.0
45906,DNg18_b,0.0,4,3,4.0,0.0
44650,DNg10,0.0,4,2,4.0,0.0
43730,DNg10,0.0,4,2,4.0,0.0
19631,DNg12_h,0.0,4,1,4.0,0.0
19633,DNg11,0.0,4,2,4.0,0.0
19664,DNge019,0.0,4,1,4.0,0.0
28687,DNge115,0.0,4,2,4.0,0.0
91201,DNge071,0.0,4,2,4.0,0.0
27118,DNg08,0.0,4,1,4.0,0.0
15653,DNge012,0.0,4,2,4.0,0.0
27715,DNg08,0.0,4,2,4.0,0.0
15796,DNg106,0.0,4,3,4.0,0.0
25802,DNge092,0.0,4,1,4.0,0.0
40001,DNge119,0.0,3,2,3.0,0.0
33683,DNge115,0.0,3,2,3.0,0.0
13443,DNge096,0.0,3,2,3.0,0.0
14152,DNpe041,0.0,3,2,3.0,0.0
11352,DNge027,0.0,3,3,3.0,0.0
22087,DNg83,0.0,3,2,3.0,0.0
11067,DNb06,0.0,3,1,3.0,0.0
18562,DNg11,0.0,3,2,3.0,0.0
34590,DNge182,0.0,3,1,3.0,0.0
33829,DNg83,0.0,3,2,3.0,0.0
521776,DNpe048,0.0,3,3,3.0,0.0
12869,DNge098,0.0,3,2,3.0,0.0
12843,DNpe049,0.0,3,2,3.0,0.0
31769,DNge115,0.0,3,2,3.0,0.0
13586,DNpe049,0.0,3,2,3.0,0.0
26824,DNg08,0.0,3,2,3.0,0.0
15857,DNge058,0.0,3,2,3.0,0.0
516956,DNge071,0.0,3,2,3.0,0.0
16399,DNg11,0.0,3,2,3.0,0.0
13745,DNpe035,0.0,3,2,3.0,0.0
30957,DNpe015,0.0,3,2,3.0,0.0
30929,DNge117,0.0,3,2,3.0,0.0
238896,DNge071,0.0,3,2,3.0,0.0
11951,DNg38,0.0,3,2,3.0,0.0
556450,DNge045,0.0,3,1,3.0,0.0
25876,DNge108,0.0,2,2,2.0,0.0
818789,DNg12_f,0.0,2,1,2.0,0.0
38781,DNpe029,0.0,2,2,2.0,0.0
12219,DNg48,0.0,2,1,2.0,0.0
525407,DNge128,0.0,2,2,2.0,0.0
25848,DNg08,0.0,2,1,2.0,0.0
12299,DNg68,0.0,2,2,2.0,0.0
12422,DNge100,0.0,2,1,2.0,0.0
37686,DNg12_b,0.0,2,1,2.0,0.0
11098,DNg78,0.0,2,1,2.0,0.0
24517,DNg53,0.0,2,1,2.0,0.0
11304,DNge042,0.0,2,1,2.0,0.0
10740,DNge143,0.0,2,1,2.0,0.0
539234,DNge004,0.0,2,1,2.0,0.0
10548,DNg80,0.0,2,2,2.0,0.0
23715,DNge093,0.0,2,2,2.0,0.0
39887,DNge085,0.0,2,1,2.0,0.0
30465,DNge134,0.0,2,1,2.0,0.0
23891,DNge120,0.0,2,2,2.0,0.0
29086,DNge023,0.0,2,1,2.0,0.0
24961,DNg12_a,0.0,2,1,2.0,0.0
22190,DNg12_e,0.0,2,1,2.0,0.0
14554,DNg72,0.0,2,1,2.0,0.0
13952,DNg63,0.0,2,1,2.0,0.0
55763,DNpe011,0.0,2,1,2.0,0.0
14098,DNge044,0.0,2,2,2.0,0.0
127742,DNge179,0.0,2,1,2.0,0.0
16119,DNpe014,0.0,2,1,2.0,0.0
13994,DNge172,0.0,2,1,2.0,0.0
258513,DNge093,0.0,2,2,2.0,0.0
15667,DNpe014,0.0,2,1,2.0,0.0
14249,DNge077,0.0,2,1,2.0,0.0
14278,DNg73,0.0,2,1,2.0,0.0
66284,DNg47,0.0,2,1,2.0,0.0
13525,DNge096,0.0,2,1,2.0,0.0
18229,DNge021,0.0,2,1,2.0,0.0
517654,DNg23,0.0,2,1,2.0,0.0
13499,DNge106,0.0,2,1,2.0,0.0
19441,DNg12_a,0.0,2,1,2.0,0.0
12886,DNg54,0.0,2,1,2.0,0.0
12622,DNge022,0.0,2,1,2.0,0.0
12665,DNg26,0.0,2,1,2.0,0.0
14686,DNg11,0.0,2,1,2.0,0.0
513875,DNge003,0.0,2,1,2.0,0.0
12821,DNg54,0.0,2,1,2.0,0.0
16536,DNge075,0.0,2,1,2.0,0.0
15503,DNge019,0.0,2,1,2.0,0.0
11201,DNpe007,0.0,1,1,1.0,0.0
15201,DNg72,0.0,1,1,1.0,0.0
322714,DNg12_b,0.0,1,1,1.0,0.0
26743,DNge094,0.0,1,1,1.0,0.0
226016,DNge009,0.0,1,1,1.0,0.0
514333,DNg61,0.0,1,1,1.0,0.0
26636,DNp58,0.0,1,1,1.0,0.0
16130,DNge034,0.0,1,1,1.0,0.0
813443,DNg106,0.0,1,1,1.0,0.0
812511,DNge019,0.0,1,1,1.0,0.0
12492,DNg78,0.0,1,1,1.0,0.0
149920,DNg106,0.0,1,1,1.0,0.0
16850,DNg23,0.0,1,1,1.0,0.0
37071,DNge179,0.0,1,1,1.0,0.0
36623,DNge085,0.0,1,1,1.0,0.0
34664,DNge154,0.0,1,1,1.0,0.0
46228,DNg10,0.0,1,1,1.0,0.0
48924,DNg10,0.0,1,1,1.0,0.0
55021,DNg12_e,0.0,1,1,1.0,0.0
55370,DNge045,0.0,1,1,1.0,0.0
22390,DNge008,0.0,1,1,1.0,0.0
22596,DNg12_e,0.0,1,1,1.0,0.0
22757,DNge019,0.0,1,1,1.0,0.0
17739,DNge105,0.0,1,1,1.0,0.0
13852,DNge069,0.0,1,1,1.0,0.0
16942,DNge098,0.0,1,1,1.0,0.0
40683,DNge102,0.0,1,1,1.0,0.0
23953,DNge091,0.0,1,1,1.0,0.0
42125,DNpe008,0.0,1,1,1.0,0.0
