body_pre,body_post,weight,source_type,descending_type
17054,10065,7,LC4,DNb05
20917,10065,6,LC4,DNb05
20859,10118,5,LC4,DNb05
511914,10118,2,LC4,DNb05
17340,10118,2,LC4,DNb05
22922,10118,2,LC4,DNb05
24523,10118,2,LC4,DNb05
19420,10065,1,LC4,DNb05
16628,10065,1,LC4,DNb05
514508,10118,1,LC4,DNb05
516909,10118,1,LC4,DNb05
19830,10342,3,LPLC2,DNc02
18478,10705,1,LC4,DNc02
12824,10705,1,LC4,DNc02
24187,10923,57,LPLC2,DNg40
39620,10923,48,LPLC2,DNg40
28044,10923,46,LPLC2,DNg40
28871,10923,44,LPLC2,DNg40
29391,10923,41,LPLC2,DNg40
21562,10923,41,LPLC2,DNg40
23590,10923,41,LPLC2,DNg40
24268,10923,40,LPLC2,DNg40
20269,10923,39,LPLC2,DNg40
23919,10361,37,LPLC2,DNg40
26147,10923,37,LPLC2,DNg40
25253,10923,36,LPLC2,DNg40
29287,10923,36,LPLC2,DNg40
35632,10923,35,LPLC2,DNg40
512366,10361,34,LC4,DNg40
31964,10923,34,LPLC2,DNg40
24401,10923,34,LPLC2,DNg40
23929,10923,33,LC4,DNg40
26393,10923,33,LPLC2,DNg40
31988,10923,33,LPLC2,DNg40
21862,10923,32,LPLC2,DNg40
35889,10923,31,LPLC2,DNg40
20471,10923,31,LPLC2,DNg40
33185,10923,31,LPLC2,DNg40
37925,10923,30,LPLC2,DNg40
33694,10923,30,LPLC2,DNg40
22966,10923,29,LC4,DNg40
31563,10361,29,LPLC2,DNg40
25572,10361,29,LPLC2,DNg40
29873,10923,29,LPLC2,DNg40
23550,10361,28,LPLC2,DNg40
29014,10923,28,LPLC2,DNg40
23878,10923,28,LPLC2,DNg40
25511,10923,28,LPLC2,DNg40
33396,10923,27,LPLC2,DNg40
33303,10361,27,LPLC2,DNg40
26915,10923,27,LPLC2,DNg40
25636,10923,27,LPLC2,DNg40
17608,10361,26,LC4,DNg40
27624,10361,26,LC4,DNg40
20162,10923,26,LPLC2,DNg40
29702,10361,26,LPLC2,DNg40
22253,10361,26,LPLC2,DNg40
26528,10361,26,LPLC2,DNg40
24118,10923,26,LPLC2,DNg40
23665,10361,26,LPLC2,DNg40
530029,10361,25,LC4,DNg40
521115,10361,25,LPLC2,DNg40
20182,10923,25,LPLC2,DNg40
514956,10361,24,LC4,DNg40
30480,10923,23,LC4,DNg40
29986,10923,23,LPLC2,DNg40
533895,10361,23,LPLC2,DNg40
35838,10923,23,LPLC2,DNg40
32507,10923,23,LPLC2,DNg40
30938,10923,23,LPLC2,DNg40
21808,10923,23,LPLC2,DNg40
30895,10361,23,LPLC2,DNg40
35680,10923,23,LPLC2,DNg40
12349,10361,22,LC4,DNg40
23497,10923,22,LPLC2,DNg40
27023,10361,22,LPLC2,DNg40
21804,10923,21,LC4,DNg40
32237,10361,21,LPLC2,DNg40
28741,10923,21,LPLC2,DNg40
520764,10361,21,LPLC2,DNg40
19608,10923,20,LPLC2,DNg40
19911,10361,20,LPLC2,DNg40
34110,10923,20,LPLC2,DNg40
27566,10923,20,LPLC2,DNg40
536444,10361,20,LPLC2,DNg40
15018,10361,19,LC4,DNg40
518439,10361,19,LC4,DNg40
30893,10361,19,LPLC2,DNg40
25497,10923,19,LPLC2,DNg40
24800,10923,19,LPLC2,DNg40
33439,10923,19,LPLC2,DNg40
22261,10923,19,LPLC2,DNg40
30041,10923,19,LPLC2,DNg40
27355,10361,19,LPLC2,DNg40
16917,10361,18,LC4,DNg40
18396,10361,18,LC4,DNg40
17987,10923,18,LC4,DNg40
37613,10923,18,LPLC2,DNg40
28011,10361,18,LPLC2,DNg40
38542,10923,18,LPLC2,DNg40
19034,10923,18,LPLC2,DNg40
29955,10361,18,LPLC2,DNg40
25209,10361,18,LPLC2,DNg40
50287,10923,18,LPLC2,DNg40
34845,10361,17,LC4,DNg40
31301,10361,17,LC4,DNg40
40841,10361,17,LPLC2,DNg40
29216,10923,17,LPLC2,DNg40
129687,10361,17,LPLC2,DNg40
134521,10361,17,LPLC2,DNg40
20329,10361,17,LPLC2,DNg40
531014,10361,17,LPLC2,DNg40
25524,10361,17,LPLC2,DNg40
20103,10923,17,LPLC2,DNg40
31262,10923,16,LC4,DNg40
527408,10923,16,LC4,DNg40
20282,10923,16,LC4,DNg40
27750,10361,16,LC4,DNg40
22975,10923,16,LC4,DNg40
19787,10361,16,LPLC2,DNg40
34051,10361,16,LPLC2,DNg40
28188,10361,16,LPLC2,DNg40
33406,10361,16,LPLC2,DNg40
29815,10361,16,LPLC2,DNg40
517819,10361,16,LPLC2,DNg40
20399,10923,15,LC4,DNg40
525844,10361,15,LPLC2,DNg40
31105,10361,15,LPLC2,DNg40
34681,10923,15,LPLC2,DNg40
20047,10923,15,LPLC2,DNg40
20799,10361,15,LPLC2,DNg40
27796,10361,15,LPLC2,DNg40
107513,10361,14,LC4,DNg40
35262,10361,14,LC4,DNg40
30803,10923,14,LC4,DNg40
19543,10923,14,LC4,DNg40
32597,10361,14,LC4,DNg40
21045,10923,14,LPLC2,DNg40
41097,10361,14,LPLC2,DNg40
25854,10361,14,LPLC2,DNg40
32737,10361,14,LPLC2,DNg40
22557,10361,14,LPLC2,DNg40
26416,10361,14,LPLC2,DNg40
30207,10923,14,LPLC2,DNg40
29319,10361,14,LPLC2,DNg40
37587,10361,13,LC4,DNg40
29563,10923,13,LC4,DNg40
34655,10361,13,LPLC2,DNg40
34372,10923,13,LPLC2,DNg40
30512,10361,13,LPLC2,DNg40
24568,10361,13,LPLC2,DNg40
29753,10361,13,LPLC2,DNg40
19794,10923,12,LC4,DNg40
22328,10923,12,LC4,DNg40
32223,10361,12,LPLC2,DNg40
55627,10923,12,LPLC2,DNg40
24308,10361,12,LPLC2,DNg40
28003,10923,12,LPLC2,DNg40
24840,10361,12,LPLC2,DNg40
24338,10923,11,LC4,DNg40
16809,10361,11,LC4,DNg40
19146,10923,11,LPLC2,DNg40
31257,10923,11,LPLC2,DNg40
25316,10923,11,LPLC2,DNg40
33965,10361,11,LPLC2,DNg40
27716,10361,11,LPLC2,DNg40
29469,10361,10,LC4,DNg40
26112,10923,10,LC4,DNg40
18189,10923,10,LC4,DNg40
19229,10923,10,LPLC2,DNg40
20535,10923,10,LPLC2,DNg40
34407,10361,10,LPLC2,DNg40
20334,10923,10,LPLC2,DNg40
27471,10923,10,LPLC2,DNg40
25027,10361,10,LPLC2,DNg40
29183,10923,10,LPLC2,DNg40
515971,10361,10,LPLC2,DNg40
18432,10361,9,LC4,DNg40
28945,10923,9,LC4,DNg40
512705,10361,9,LC4,DNg40
29514,10361,9,LC4,DNg40
20917,10923,9,LC4,DNg40
22218,10923,9,LPLC2,DNg40
40811,10361,9,LPLC2,DNg40
37431,10923,9,LPLC2,DNg40
27399,10361,9,LPLC2,DNg40
20240,10361,9,LPLC2,DNg40
23349,10361,9,LPLC2,DNg40
17775,10361,9,LPLC2,DNg40
29598,10923,9,LPLC2,DNg40
31429,10361,8,LC4,DNg40
25584,10923,8,LC4,DNg40
81112,10361,8,LC4,DNg40
29417,10361,8,LC4,DNg40
111787,10361,8,LC4,DNg40
22194,10923,8,LC4,DNg40
514508,10361,8,LC4,DNg40
20588,10923,8,LC4,DNg40
517079,10361,8,LPLC2,DNg40
21299,10361,8,LPLC2,DNg40
17544,10361,8,LPLC2,DNg40
35294,10361,8,LPLC2,DNg40
518731,10361,8,LPLC2,DNg40
33137,10361,7,LC4,DNg40
19260,10923,7,LC4,DNg40
515476,10361,7,LC4,DNg40
22034,10923,7,LC4,DNg40
23792,10923,7,LC4,DNg40
20808,10923,7,LC4,DNg40
532254,10361,7,LC4,DNg40
17880,10361,7,LPLC2,DNg40
21769,10923,7,LPLC2,DNg40
100103,10361,7,LPLC2,DNg40
112292,10361,7,LPLC2,DNg40
20749,10923,7,LPLC2,DNg40
19589,10923,7,LPLC2,DNg40
100485,10361,6,LC4,DNg40
21225,10923,6,LC4,DNg40
77614,10361,6,LC4,DNg40
20542,10923,6,LC4,DNg40
12032,10361,6,LC4,DNg40
511914,10361,6,LC4,DNg40
38065,10923,6,LC4,DNg40
111903,10361,6,LPLC2,DNg40
25286,10361,6,LPLC2,DNg40
21899,10923,6,LPLC2,DNg40
21361,10361,6,LPLC2,DNg40
17551,10923,6,LPLC2,DNg40
19954,10923,5,LC4,DNg40
20016,10923,5,LC4,DNg40
22847,10923,5,LC4,DNg40
519650,10361,5,LC4,DNg40
16128,10923,5,LC4,DNg40
35616,10361,5,LC4,DNg40
13726,10361,5,LPLC2,DNg40
25136,10361,5,LPLC2,DNg40
518016,10361,4,LC4,DNg40
516909,10361,4,LC4,DNg40
17266,10923,4,LC4,DNg40
21313,10923,4,LC4,DNg40
21165,10923,4,LC4,DNg40
26730,10923,4,LPLC2,DNg40
23247,10361,4,LPLC2,DNg40
15804,10361,4,LPLC2,DNg40
524366,10361,4,LPLC2,DNg40
25575,10361,4,LPLC2,DNg40
21721,10361,3,LC4,DNg40
21287,10923,3,LC4,DNg40
20673,10923,3,LC4,DNg40
30087,10361,3,LC4,DNg40
19550,10923,3,LC4,DNg40
535341,10361,3,LC4,DNg40
17860,10923,3,LC4,DNg40
17478,10361,3,LC4,DNg40
17054,10923,3,LC4,DNg40
524899,10361,3,LC4,DNg40
518730,10361,3,LC4,DNg40
519931,10361,3,LC4,DNg40
17990,10361,3,LPLC2,DNg40
13764,10361,3,LPLC2,DNg40
514670,10361,3,LPLC2,DNg40
518544,10361,2,LC4,DNg40
515900,10361,2,LC4,DNg40
16138,10923,2,LC4,DNg40
16628,10923,2,LC4,DNg40
17270,10361,2,LC4,DNg40
18478,10361,2,LC4,DNg40
12824,10361,2,LC4,DNg40
20572,10361,2,LC4,DNg40
21336,10923,2,LC4,DNg40
22772,10361,2,LC4,DNg40
23226,10361,2,LC4,DNg40
27829,10361,2,LC4,DNg40
31308,10361,2,LC4,DNg40
14102,10361,2,LPLC2,DNg40
13132,10361,2,LPLC2,DNg40
19830,10361,2,LPLC2,DNg40
21318,10923,2,LPLC2,DNg40
21703,10923,2,LPLC2,DNg40
22677,10923,2,LPLC2,DNg40
23392,10923,1,LC4,DNg40
23202,10361,1,LC4,DNg40
23098,10923,1,LC4,DNg40
20440,10361,1,LC4,DNg40
19634,10923,1,LC4,DNg40
17926,10923,1,LC4,DNg40
17653,10361,1,LC4,DNg40
17548,10923,1,LC4,DNg40
17364,10923,1,LC4,DNg40
14888,10361,1,LC4,DNg40
526286,10361,1,LC4,DNg40
533129,10361,1,LC4,DNg40
25267,10923,1,LPLC2,DNg40
20584,10923,1,LPLC2,DNg40
19842,10923,1,LPLC2,DNg40
19549,10923,1,LPLC2,DNg40
18900,10361,1,LPLC2,DNg40
18672,10923,1,LPLC2,DNg40
517078,10361,1,LPLC2,DNg40
14030,10361,1,LPLC2,DNg40
11498,10361,1,LPLC2,DNg40
30512,11063,2,LPLC2,DNge032
24308,11063,1,LPLC2,DNge032
517078,11063,1,LPLC2,DNge032
517078,10377,7,LPLC2,DNge054
20749,10296,5,LPLC2,DNge054
518983,10377,4,LC4,DNge054
25267,10296,4,LPLC2,DNge054
24605,10377,4,LPLC2,DNge054
19830,10377,4,LPLC2,DNge054
21318,10296,4,LPLC2,DNge054
19260,10296,3,LC4,DNge054
22677,10296,3,LPLC2,DNge054
18929,10296,3,LPLC2,DNge054
13764,10377,3,LPLC2,DNge054
14102,10377,2,LPLC2,DNge054
14030,10377,2,LPLC2,DNge054
18936,10377,2,LPLC2,DNge054
19842,10296,2,LPLC2,DNge054
20162,10296,2,LPLC2,DNge054
20535,10296,2,LPLC2,DNge054
25636,10296,2,LPLC2,DNge054
29598,10296,2,LPLC2,DNge054
21225,10296,1,LC4,DNge054
33396,10296,1,LPLC2,DNge054
30938,10296,1,LPLC2,DNge054
28188,10377,1,LPLC2,DNge054
95241,10377,1,LPLC2,DNge054
111903,10377,1,LPLC2,DNge054
22557,10377,1,LPLC2,DNge054
22253,10377,1,LPLC2,DNge054
20584,10296,1,LPLC2,DNge054
17551,10296,1,LPLC2,DNge054
11498,10377,1,LPLC2,DNge054
17478,10010,86,LC4,DNp01
17653,10010,83,LC4,DNp01
518439,10010,82,LC4,DNp01
20859,10010,81,LC4,DNp01
29469,10010,73,LC4,DNp01
533129,10010,69,LC4,DNp01
32597,10010,69,LC4,DNp01
22847,10001,67,LC4,DNp01
16128,10001,65,LC4,DNp01
512366,10010,65,LC4,DNp01
27829,10010,64,LC4,DNp01
524899,10010,64,LC4,DNp01
515476,10010,64,LC4,DNp01
31563,10010,64,LPLC2,DNp01
17668,10001,63,LC4,DNp01
17270,10010,63,LC4,DNp01
24338,10001,63,LC4,DNp01
16917,10010,62,LC4,DNp01
12349,10010,62,LC4,DNp01
22772,10010,62,LC4,DNp01
12032,10010,62,LC4,DNp01
20399,10001,62,LC4,DNp01
530029,10010,62,LC4,DNp01
22966,10001,61,LC4,DNp01
31301,10010,61,LC4,DNp01
35616,10010,61,LC4,DNp01
514956,10010,60,LC4,DNp01
22253,10010,60,LPLC2,DNp01
22194,10001,59,LC4,DNp01
27750,10010,59,LC4,DNp01
18396,10010,59,LC4,DNp01
20182,10001,59,LPLC2,DNp01
29514,10010,58,LC4,DNp01
100485,10010,58,LC4,DNp01
22975,10001,58,LC4,DNp01
18478,10010,58,LC4,DNp01
12824,10010,58,LC4,DNp01
30803,10001,57,LC4,DNp01
20976,10010,57,LC4,DNp01
18127,10001,57,LC4,DNp01
35262,10010,56,LC4,DNp01
23392,10001,56,LC4,DNp01
19634,10001,56,LC4,DNp01
23929,10001,56,LC4,DNp01
81112,10010,55,LC4,DNp01
14888,10010,55,LC4,DNp01
517752,10010,55,LC4,DNp01
20572,10010,55,LC4,DNp01
21336,10001,55,LC4,DNp01
19787,10010,55,LPLC2,DNp01
23202,10010,54,LC4,DNp01
511914,10010,54,LC4,DNp01
515900,10010,54,LC4,DNp01
22557,10010,54,LPLC2,DNp01
512705,10010,53,LC4,DNp01
16628,10001,53,LC4,DNp01
26112,10001,53,LC4,DNp01
20269,10001,53,LPLC2,DNp01
77614,10010,52,LC4,DNp01
23792,10001,52,LC4,DNp01
18432,10010,52,LC4,DNp01
22922,10010,52,LC4,DNp01
21225,10001,52,LC4,DNp01
23226,10010,52,LC4,DNp01
16138,10001,52,LC4,DNp01
30087,10010,51,LC4,DNp01
27624,10010,51,LC4,DNp01
518730,10010,51,LC4,DNp01
21721,10010,51,LC4,DNp01
37587,10010,51,LC4,DNp01
28980,10010,51,LC4,DNp01
34845,10010,51,LC4,DNp01
17860,10001,50,LC4,DNp01
533895,10010,50,LPLC2,DNp01
19543,10001,49,LC4,DNp01
19608,10001,49,LPLC2,DNp01
21804,10001,48,LC4,DNp01
17926,10001,48,LC4,DNp01
17364,10001,48,LC4,DNp01
24187,10001,48,LPLC2,DNp01
20103,10001,48,LPLC2,DNp01
518731,10010,48,LPLC2,DNp01
25854,10010,48,LPLC2,DNp01
518544,10010,47,LC4,DNp01
20542,10001,47,LC4,DNp01
22328,10001,47,LC4,DNp01
516909,10010,47,LC4,DNp01
527408,10001,47,LC4,DNp01
17266,10001,47,LC4,DNp01
23919,10010,47,LPLC2,DNp01
24401,10001,47,LPLC2,DNp01
20047,10001,47,LPLC2,DNp01
21562,10001,47,LPLC2,DNp01
17608,10010,46,LC4,DNp01
518983,10010,46,LC4,DNp01
519650,10010,46,LC4,DNp01
18189,10001,46,LC4,DNp01
20016,10001,46,LC4,DNp01
20799,10010,46,LPLC2,DNp01
23878,10001,46,LPLC2,DNp01
520764,10010,46,LPLC2,DNp01
30480,10001,45,LC4,DNp01
19420,10001,45,LC4,DNp01
31429,10010,45,LC4,DNp01
20440,10010,45,LC4,DNp01
515971,10010,45,LPLC2,DNp01
20162,10001,45,LPLC2,DNp01
19794,10001,44,LC4,DNp01
20673,10001,44,LC4,DNp01
517819,10010,44,LPLC2,DNp01
31964,10001,44,LPLC2,DNp01
17775,10010,44,LPLC2,DNp01
31308,10010,43,LC4,DNp01
21287,10001,43,LC4,DNp01
20588,10001,43,LC4,DNp01
28044,10001,43,LPLC2,DNp01
23665,10010,43,LPLC2,DNp01
517079,10010,43,LPLC2,DNp01
13726,10010,43,LPLC2,DNp01
25524,10010,43,LPLC2,DNp01
20471,10001,43,LPLC2,DNp01
24523,10010,42,LC4,DNp01
520449,10010,42,LC4,DNp01
20917,10001,42,LC4,DNp01
22034,10001,42,LC4,DNp01
20808,10001,42,LC4,DNp01
28945,10001,42,LC4,DNp01
26147,10001,42,LPLC2,DNp01
29417,10010,41,LC4,DNp01
21313,10001,41,LC4,DNp01
514508,10010,41,LC4,DNp01
28871,10001,41,LPLC2,DNp01
24800,10001,41,LPLC2,DNp01
23497,10001,41,LPLC2,DNp01
23349,10010,41,LPLC2,DNp01
33185,10001,41,LPLC2,DNp01
20240,10010,41,LPLC2,DNp01
16809,10010,40,LC4,DNp01
21151,10001,40,LC4,DNp01
29563,10001,40,LC4,DNp01
15018,10010,40,LC4,DNp01
34407,10010,40,LPLC2,DNp01
18936,10010,40,LPLC2,DNp01
521115,10010,40,LPLC2,DNp01
518016,10010,39,LC4,DNp01
33137,10010,39,LC4,DNp01
107513,10010,39,LC4,DNp01
17987,10001,39,LC4,DNp01
24568,10010,39,LPLC2,DNp01
41097,10010,39,LPLC2,DNp01
19954,10001,38,LC4,DNp01
20967,10010,38,LC4,DNp01
26528,10010,38,LPLC2,DNp01
35889,10001,38,LPLC2,DNp01
21808,10001,38,LPLC2,DNp01
18900,10010,38,LPLC2,DNp01
17990,10010,38,LPLC2,DNp01
24840,10010,38,LPLC2,DNp01
519931,10010,37,LC4,DNp01
17054,10001,37,LC4,DNp01
19260,10001,37,LC4,DNp01
514670,10010,37,LPLC2,DNp01
20535,10001,37,LPLC2,DNp01
17551,10001,37,LPLC2,DNp01
22261,10001,37,LPLC2,DNp01
38065,10001,36,LC4,DNp01
31262,10001,36,LC4,DNp01
18672,10001,36,LPLC2,DNp01
20329,10010,36,LPLC2,DNp01
26393,10001,36,LPLC2,DNp01
536444,10010,36,LPLC2,DNp01
28188,10010,36,LPLC2,DNp01
100103,10010,36,LPLC2,DNp01
20282,10001,35,LC4,DNp01
17548,10001,35,LC4,DNp01
33406,10010,35,LPLC2,DNp01
24118,10001,35,LPLC2,DNp01
532254,10010,34,LC4,DNp01
19146,10001,34,LPLC2,DNp01
19229,10001,34,LPLC2,DNp01
21361,10010,34,LPLC2,DNp01
17340,10010,33,LC4,DNp01
23590,10001,33,LPLC2,DNp01
29702,10010,33,LPLC2,DNp01
34655,10010,33,LPLC2,DNp01
15804,10010,33,LPLC2,DNp01
32737,10010,33,LPLC2,DNp01
535341,10010,32,LC4,DNp01
526286,10010,32,LC4,DNp01
23098,10001,32,LC4,DNp01
29391,10001,32,LPLC2,DNp01
25497,10001,32,LPLC2,DNp01
25253,10001,32,LPLC2,DNp01
21165,10001,31,LC4,DNp01
23550,10010,31,LPLC2,DNp01
23247,10010,31,LPLC2,DNp01
29014,10001,31,LPLC2,DNp01
25584,10001,30,LC4,DNp01
111787,10010,30,LC4,DNp01
21862,10001,30,LPLC2,DNp01
25572,10010,30,LPLC2,DNp01
27355,10010,30,LPLC2,DNp01
27716,10010,30,LPLC2,DNp01
29955,10010,29,LPLC2,DNp01
29753,10010,29,LPLC2,DNp01
27796,10010,29,LPLC2,DNp01
24268,10001,29,LPLC2,DNp01
29287,10001,29,LPLC2,DNp01
28741,10001,28,LPLC2,DNp01
19034,10001,28,LPLC2,DNp01
25209,10010,28,LPLC2,DNp01
525844,10010,27,LPLC2,DNp01
29815,10010,27,LPLC2,DNp01
28011,10010,27,LPLC2,DNp01
24308,10010,27,LPLC2,DNp01
30895,10010,27,LPLC2,DNp01
21045,10001,27,LPLC2,DNp01
14102,10010,27,LPLC2,DNp01
28003,10001,25,LPLC2,DNp01
27399,10010,25,LPLC2,DNp01
33303,10010,24,LPLC2,DNp01
31988,10001,24,LPLC2,DNp01
25575,10010,24,LPLC2,DNp01
30938,10001,23,LPLC2,DNp01
531014,10010,23,LPLC2,DNp01
40841,10010,23,LPLC2,DNp01
129687,10010,22,LPLC2,DNp01
19550,10001,21,LC4,DNp01
14465,10001,21,LPLC2,DNp01
35680,10001,21,LPLC2,DNp01
39620,10001,21,LPLC2,DNp01
37431,10001,21,LPLC2,DNp01
112292,10010,21,LPLC2,DNp01
25511,10001,21,LPLC2,DNp01
33396,10001,21,LPLC2,DNp01
26915,10001,21,LPLC2,DNp01
33439,10001,21,LPLC2,DNp01
33965,10010,20,LPLC2,DNp01
25636,10001,20,LPLC2,DNp01
524366,10010,20,LPLC2,DNp01
19589,10001,20,LPLC2,DNp01
12384,10010,20,LPLC2,DNp01
25027,10010,20,LPLC2,DNp01
34681,10001,19,LPLC2,DNp01
17774,10010,19,LPLC2,DNp01
31257,10001,19,LPLC2,DNp01
32507,10001,19,LPLC2,DNp01
32237,10010,19,LPLC2,DNp01
20694,10001,19,LPLC2,DNp01
30512,10010,18,LPLC2,DNp01
29986,10001,18,LPLC2,DNp01
134521,10010,18,LPLC2,DNp01
40811,10010,17,LPLC2,DNp01
27471,10001,17,LPLC2,DNp01
29319,10010,17,LPLC2,DNp01
29216,10001,17,LPLC2,DNp01
50287,10001,17,LPLC2,DNp01
34051,10010,17,LPLC2,DNp01
34110,10001,16,LPLC2,DNp01
29873,10001,16,LPLC2,DNp01
55627,10001,16,LPLC2,DNp01
517078,10010,15,LPLC2,DNp01
25136,10010,15,LPLC2,DNp01
21899,10001,15,LPLC2,DNp01
17880,10010,15,LPLC2,DNp01
29598,10001,14,LPLC2,DNp01
22218,10001,14,LPLC2,DNp01
20334,10001,14,LPLC2,DNp01
21703,10001,14,LPLC2,DNp01
29183,10001,13,LPLC2,DNp01
26416,10010,13,LPLC2,DNp01
21769,10001,12,LPLC2,DNp01
17059,10010,12,LPLC2,DNp01
20749,10001,12,LPLC2,DNp01
30041,10001,12,LPLC2,DNp01
19830,10010,12,LPLC2,DNp01
33694,10001,11,LPLC2,DNp01
27023,10010,11,LPLC2,DNp01
35294,10010,11,LPLC2,DNp01
95241,10010,11,LPLC2,DNp01
32223,10010,10,LPLC2,DNp01
19911,10010,10,LPLC2,DNp01
24605,10010,10,LPLC2,DNp01
27566,10001,10,LPLC2,DNp01
17544,10010,9,LPLC2,DNp01
31105,10010,9,LPLC2,DNp01
34372,10001,9,LPLC2,DNp01
22677,10001,9,LPLC2,DNp01
37925,10001,9,LPLC2,DNp01
21299,10010,8,LPLC2,DNp01
13132,10010,8,LPLC2,DNp01
20584,10001,8,LPLC2,DNp01
25267,10001,7,LPLC2,DNp01
111903,10010,6,LPLC2,DNp01
30893,10010,6,LPLC2,DNp01
25316,10001,6,LPLC2,DNp01
25286,10010,6,LPLC2,DNp01
13764,10010,6,LPLC2,DNp01
38542,10001,5,LPLC2,DNp01
37613,10001,5,LPLC2,DNp01
19842,10001,5,LPLC2,DNp01
18929,10001,5,LPLC2,DNp01
35632,10001,4,LPLC2,DNp01
35838,10001,4,LPLC2,DNp01
14030,10010,4,LPLC2,DNp01
21318,10001,4,LPLC2,DNp01
26730,10001,3,LPLC2,DNp01
30207,10001,3,LPLC2,DNp01
11498,10010,2,LPLC2,DNp01
19549,10001,1,LPLC2,DNp01
19249,10001,1,LPLC2,DNp01
16628,10117,72,LC4,DNp02
17926,10117,72,LC4,DNp02
17668,10117,70,LC4,DNp02
20967,10197,67,LC4,DNp02
17548,10117,63,LC4,DNp02
18127,10117,62,LC4,DNp02
17364,10117,62,LC4,DNp02
12824,10197,61,LC4,DNp02
20572,10197,59,LC4,DNp02
16128,10117,57,LC4,DNp02
21336,10117,57,LC4,DNp02
20673,10117,56,LC4,DNp02
17653,10197,55,LC4,DNp02
17478,10197,53,LC4,DNp02
524899,10197,53,LC4,DNp02
19260,10117,53,LC4,DNp02
515900,10197,52,LC4,DNp02
19420,10117,52,LC4,DNp02
17054,10117,52,LC4,DNp02
18478,10197,51,LC4,DNp02
18189,10117,50,LC4,DNp02
33137,10197,50,LC4,DNp02
21225,10117,49,LC4,DNp02
17270,10197,47,LC4,DNp02
17987,10117,45,LC4,DNp02
519931,10197,45,LC4,DNp02
12032,10197,44,LC4,DNp02
520449,10197,44,LC4,DNp02
17860,10117,44,LC4,DNp02
20859,10197,44,LC4,DNp02
77614,10197,44,LC4,DNp02
533129,10197,44,LC4,DNp02
21165,10117,44,LC4,DNp02
518016,10197,44,LC4,DNp02
21721,10197,43,LC4,DNp02
518730,10197,43,LC4,DNp02
23202,10197,43,LC4,DNp02
518983,10197,43,LC4,DNp02
23392,10117,43,LC4,DNp02
31301,10197,42,LC4,DNp02
535341,10197,41,LC4,DNp02
22922,10197,41,LC4,DNp02
21151,10117,40,LC4,DNp02
516909,10197,39,LC4,DNp02
23098,10117,39,LC4,DNp02
16138,10117,38,LC4,DNp02
20917,10117,38,LC4,DNp02
27829,10197,37,LC4,DNp02
20542,10117,37,LC4,DNp02
25584,10117,37,LC4,DNp02
29417,10197,37,LC4,DNp02
18432,10197,36,LC4,DNp02
19794,10117,36,LC4,DNp02
20399,10117,35,LC4,DNp02
20282,10117,35,LC4,DNp02
21287,10117,35,LC4,DNp02
532254,10197,35,LC4,DNp02
35616,10197,34,LC4,DNp02
23226,10197,34,LC4,DNp02
17266,10117,34,LC4,DNp02
31308,10197,34,LC4,DNp02
22194,10117,34,LC4,DNp02
14888,10197,33,LC4,DNp02
526286,10197,33,LC4,DNp02
518544,10197,33,LC4,DNp02
35262,10197,32,LC4,DNp02
22772,10197,32,LC4,DNp02
19954,10117,32,LC4,DNp02
19550,10117,32,LC4,DNp02
511914,10197,31,LC4,DNp02
29563,10117,31,LC4,DNp02
512705,10197,31,LC4,DNp02
519650,10197,31,LC4,DNp02
19634,10117,31,LC4,DNp02
21313,10117,30,LC4,DNp02
20976,10197,30,LC4,DNp02
31429,10197,30,LC4,DNp02
20808,10117,29,LC4,DNp02
20016,10117,29,LC4,DNp02
24523,10197,28,LC4,DNp02
17340,10197,28,LC4,DNp02
81112,10197,28,LC4,DNp02
517752,10197,27,LC4,DNp02
22328,10117,26,LC4,DNp02
29469,10197,26,LC4,DNp02
29514,10197,26,LC4,DNp02
12349,10197,26,LC4,DNp02
16917,10197,25,LC4,DNp02
530029,10197,24,LC4,DNp02
22034,10117,24,LC4,DNp02
22847,10117,24,LC4,DNp02
28980,10197,23,LC4,DNp02
16809,10197,23,LC4,DNp02
20440,10197,22,LC4,DNp02
23792,10117,22,LC4,DNp02
514508,10197,22,LC4,DNp02
32597,10197,22,LC4,DNp02
19543,10117,21,LC4,DNp02
34845,10197,21,LC4,DNp02
21804,10117,20,LC4,DNp02
24338,10117,20,LC4,DNp02
22975,10117,19,LC4,DNp02
20588,10117,19,LC4,DNp02
27624,10197,18,LC4,DNp02
512366,10197,18,LC4,DNp02
111787,10197,17,LC4,DNp02
100485,10197,16,LC4,DNp02
28945,10117,15,LC4,DNp02
31262,10117,15,LC4,DNp02
27750,10197,14,LC4,DNp02
26112,10117,14,LC4,DNp02
515476,10197,11,LC4,DNp02
30087,10197,10,LC4,DNp02
518439,10197,10,LC4,DNp02
23929,10117,9,LC4,DNp02
22966,10117,8,LC4,DNp02
527408,10117,8,LC4,DNp02
18396,10197,7,LC4,DNp02
17608,10197,7,LC4,DNp02
514956,10197,7,LC4,DNp02
38065,10117,7,LC4,DNp02
107513,10197,6,LC4,DNp02
37587,10197,6,LC4,DNp02
15018,10197,6,LC4,DNp02
30803,10117,4,LC4,DNp02
21862,10117,2,LPLC2,DNp02
35889,10117,1,LPLC2,DNp02
28044,10117,1,LPLC2,DNp02
19842,10117,1,LPLC2,DNp02
27624,10752,49,LC4,DNp03
17653,10752,48,LC4,DNp03
17608,10752,44,LC4,DNp03
17340,10752,44,LC4,DNp03
17478,10752,43,LC4,DNp03
515900,10752,42,LC4,DNp03
530029,10752,41,LC4,DNp03
518439,10752,37,LC4,DNp03
24523,10752,36,LC4,DNp03
81112,10752,35,LC4,DNp03
20859,10752,34,LC4,DNp03
15018,10752,34,LC4,DNp03
18396,10752,34,LC4,DNp03
27750,10752,33,LC4,DNp03
37587,10752,33,LC4,DNp03
511914,10752,33,LC4,DNp03
535341,10752,33,LC4,DNp03
514508,10752,32,LC4,DNp03
21804,10989,31,LC4,DNp03
29469,10752,31,LC4,DNp03
520449,10752,31,LC4,DNp03
532254,10752,31,LC4,DNp03
515476,10752,30,LC4,DNp03
29417,10752,30,LC4,DNp03
77614,10752,30,LC4,DNp03
512366,10752,29,LC4,DNp03
18478,10752,28,LC4,DNp03
32597,10752,28,LC4,DNp03
21721,10752,28,LC4,DNp03
12349,10752,28,LC4,DNp03
12032,10752,27,LC4,DNp03
518983,10752,27,LC4,DNp03
28945,10989,26,LC4,DNp03
514956,10752,26,LC4,DNp03
28980,10752,25,LC4,DNp03
512705,10752,25,LC4,DNp03
100485,10752,25,LC4,DNp03
31429,10752,24,LC4,DNp03
23202,10752,24,LC4,DNp03
519931,10752,24,LC4,DNp03
17860,10989,24,LC4,DNp03
16628,10989,23,LC4,DNp03
533129,10752,23,LC4,DNp03
524899,10752,23,LC4,DNp03
516909,10752,22,LC4,DNp03
18432,10752,22,LC4,DNp03
34845,10752,22,LC4,DNp03
107513,10752,22,LC4,DNp03
526286,10752,22,LC4,DNp03
22847,10989,22,LC4,DNp03
35262,10752,21,LC4,DNp03
17266,10989,21,LC4,DNp03
12824,10752,21,LC4,DNp03
14888,10752,20,LC4,DNp03
17270,10752,20,LC4,DNp03
30087,10752,20,LC4,DNp03
30803,10989,20,LC4,DNp03
22772,10752,20,LC4,DNp03
31301,10752,20,LC4,DNp03
22966,10989,20,LC4,DNp03
111787,10752,19,LC4,DNp03
16809,10752,19,LC4,DNp03
20976,10752,19,LC4,DNp03
518730,10752,19,LC4,DNp03
517752,10752,18,LC4,DNp03
20572,10752,18,LC4,DNp03
20440,10752,18,LC4,DNp03
518016,10752,18,LC4,DNp03
17054,10989,18,LC4,DNp03
19634,10989,18,LC4,DNp03
27829,10752,17,LC4,DNp03
22328,10989,17,LC4,DNp03
31262,10989,16,LC4,DNp03
519650,10752,16,LC4,DNp03
20967,10752,16,LC4,DNp03
21287,10989,15,LC4,DNp03
21313,10989,15,LC4,DNp03
30480,10989,15,LC4,DNp03
33137,10752,14,LC4,DNp03
17364,10989,14,LC4,DNp03
16128,10989,14,LC4,DNp03
21225,10989,13,LC4,DNp03
19794,10989,13,LC4,DNp03
23929,10989,13,LC4,DNp03
20917,10989,13,LC4,DNp03
19543,10989,13,LC4,DNp03
17548,10989,13,LC4,DNp03
22922,10752,13,LC4,DNp03
26112,10989,13,LC4,DNp03
20399,10989,13,LC4,DNp03
20016,10989,13,LC4,DNp03
16917,10752,13,LC4,DNp03
29514,10752,13,LC4,DNp03
31308,10752,12,LC4,DNp03
19954,10989,12,LC4,DNp03
19260,10989,12,LC4,DNp03
29563,10989,12,LC4,DNp03
23392,10989,12,LC4,DNp03
35616,10752,12,LC4,DNp03
38065,10989,11,LC4,DNp03
22975,10989,11,LC4,DNp03
23226,10752,11,LC4,DNp03
23098,10989,10,LC4,DNp03
23792,10989,10,LC4,DNp03
19550,10989,10,LC4,DNp03
17668,10989,9,LC4,DNp03
25584,10989,9,LC4,DNp03
18127,10989,9,LC4,DNp03
21151,10989,9,LC4,DNp03
17926,10989,9,LC4,DNp03
24338,10989,9,LC4,DNp03
19420,10989,8,LC4,DNp03
22194,10989,8,LC4,DNp03
16138,10989,8,LC4,DNp03
20673,10989,8,LC4,DNp03
518544,10752,8,LC4,DNp03
21165,10989,7,LC4,DNp03
20542,10989,7,LC4,DNp03
20588,10989,7,LC4,DNp03
22034,10989,6,LC4,DNp03
18189,10989,6,LC4,DNp03
527408,10989,4,LC4,DNp03
21336,10989,3,LC4,DNp03
20282,10989,3,LC4,DNp03
17987,10989,3,LC4,DNp03
20808,10989,2,LC4,DNp03
29753,10752,1,LPLC2,DNp03
81112,531898,172,LC4,DNp04
12349,531898,160,LC4,DNp04
515900,531898,158,LC4,DNp04
512366,531898,154,LC4,DNp04
17054,11137,154,LC4,DNp04
27624,531898,148,LC4,DNp04
17653,531898,147,LC4,DNp04
24523,531898,141,LC4,DNp04
14888,531898,132,LC4,DNp04
520449,531898,132,LC4,DNp04
37587,531898,132,LC4,DNp04
17548,11137,132,LC4,DNp04
17340,531898,131,LC4,DNp04
518439,531898,129,LC4,DNp04
16128,11137,128,LC4,DNp04
77614,531898,128,LC4,DNp04
530029,531898,128,LC4,DNp04
21804,11137,126,LC4,DNp04
17478,531898,125,LC4,DNp04
31262,11137,123,LC4,DNp04
23929,11137,122,LC4,DNp04
16809,531898,120,LC4,DNp04
17987,11137,119,LC4,DNp04
16628,11137,118,LC4,DNp04
20859,531898,111,LC4,DNp04
518983,531898,111,LC4,DNp04
511914,531898,110,LC4,DNp04
20282,11137,109,LC4,DNp04
12824,531898,108,LC4,DNp04
518730,531898,108,LC4,DNp04
27750,531898,107,LC4,DNp04
19550,11137,106,LC4,DNp04
19543,11137,106,LC4,DNp04
27829,531898,106,LC4,DNp04
17608,531898,106,LC4,DNp04
34845,531898,106,LC4,DNp04
15018,531898,104,LC4,DNp04
20917,11137,104,LC4,DNp04
19954,11137,101,LC4,DNp04
17364,11137,100,LC4,DNp04
514956,531898,99,LC4,DNp04
20588,11137,99,LC4,DNp04
526286,531898,99,LC4,DNp04
20967,531898,99,LC4,DNp04
111787,531898,97,LC4,DNp04
19794,11137,96,LC4,DNp04
22847,11137,94,LC4,DNp04
20542,11137,94,LC4,DNp04
30087,531898,93,LC4,DNp04
32597,531898,92,LC4,DNp04
18432,531898,92,LC4,DNp04
17926,11137,92,LC4,DNp04
29469,531898,91,LC4,DNp04
527408,11137,90,LC4,DNp04
33137,531898,90,LC4,DNp04
18478,531898,89,LC4,DNp04
18127,11137,89,LC4,DNp04
25584,11137,89,LC4,DNp04
26112,11137,88,LC4,DNp04
22034,11137,87,LC4,DNp04
21313,11137,87,LC4,DNp04
17270,531898,87,LC4,DNp04
18396,531898,86,LC4,DNp04
30803,11137,86,LC4,DNp04
23202,531898,86,LC4,DNp04
512705,531898,86,LC4,DNp04
22975,11137,86,LC4,DNp04
21225,11137,85,LC4,DNp04
515476,531898,85,LC4,DNp04
22194,11137,85,LC4,DNp04
20440,531898,85,LC4,DNp04
18189,11137,84,LC4,DNp04
12032,531898,84,LC4,DNp04
30480,11137,84,LC4,DNp04
22772,531898,83,LC4,DNp04
21721,531898,83,LC4,DNp04
518016,531898,83,LC4,DNp04
35262,531898,83,LC4,DNp04
21287,11137,82,LC4,DNp04
31429,531898,81,LC4,DNp04
31301,531898,80,LC4,DNp04
20808,11137,79,LC4,DNp04
107513,531898,78,LC4,DNp04
29563,11137,78,LC4,DNp04
516909,531898,77,LC4,DNp04
23098,11137,77,LC4,DNp04
524899,531898,77,LC4,DNp04
29417,531898,76,LC4,DNp04
17860,11137,76,LC4,DNp04
21336,11137,76,LC4,DNp04
24338,11137,74,LC4,DNp04
100485,531898,74,LC4,DNp04
29514,531898,74,LC4,DNp04
19260,11137,73,LC4,DNp04
514508,531898,73,LC4,DNp04
535341,531898,72,LC4,DNp04
532254,531898,72,LC4,DNp04
20572,531898,72,LC4,DNp04
22966,11137,71,LC4,DNp04
20399,11137,71,LC4,DNp04
533129,531898,69,LC4,DNp04
22922,531898,68,LC4,DNp04
20976,531898,67,LC4,DNp04
21151,11137,67,LC4,DNp04
17266,11137,67,LC4,DNp04
16138,11137,67,LC4,DNp04
16917,531898,66,LC4,DNp04
31308,531898,66,LC4,DNp04
28945,11137,64,LC4,DNp04
22328,11137,64,LC4,DNp04
23392,11137,63,LC4,DNp04
20016,11137,63,LC4,DNp04
35616,531898,63,LC4,DNp04
19420,11137,62,LC4,DNp04
38065,11137,62,LC4,DNp04
20673,11137,61,LC4,DNp04
17668,11137,61,LC4,DNp04
21165,11137,58,LC4,DNp04
23226,531898,58,LC4,DNp04
519650,531898,57,LC4,DNp04
517752,531898,55,LC4,DNp04
514670,531898,55,LPLC2,DNp04
23792,11137,54,LC4,DNp04
19634,11137,53,LC4,DNp04
518544,531898,53,LC4,DNp04
28980,531898,50,LC4,DNp04
13726,531898,50,LPLC2,DNp04
14030,531898,48,LPLC2,DNp04
519931,531898,47,LC4,DNp04
18672,11137,47,LPLC2,DNp04
20584,11137,46,LPLC2,DNp04
12384,531898,44,LPLC2,DNp04
515971,531898,44,LPLC2,DNp04
21769,11137,44,LPLC2,DNp04
100103,531898,43,LPLC2,DNp04
17775,531898,42,LPLC2,DNp04
22253,531898,42,LPLC2,DNp04
23247,531898,39,LPLC2,DNp04
517078,531898,38,LPLC2,DNp04
18936,531898,38,LPLC2,DNp04
95241,531898,38,LPLC2,DNp04
19146,11137,37,LPLC2,DNp04
17059,531898,37,LPLC2,DNp04
13132,531898,34,LPLC2,DNp04
22218,11137,34,LPLC2,DNp04
14102,531898,33,LPLC2,DNp04
14465,11137,33,LPLC2,DNp04
21299,531898,32,LPLC2,DNp04
17774,531898,31,LPLC2,DNp04
11498,531898,31,LPLC2,DNp04
21361,531898,30,LPLC2,DNp04
20749,11137,30,LPLC2,DNp04
17990,531898,30,LPLC2,DNp04
20240,531898,30,LPLC2,DNp04
19229,11137,30,LPLC2,DNp04
21703,11137,29,LPLC2,DNp04
20694,11137,29,LPLC2,DNp04
517819,531898,29,LPLC2,DNp04
20182,11137,29,LPLC2,DNp04
23665,531898,29,LPLC2,DNp04
26730,11137,29,LPLC2,DNp04
20334,11137,29,LPLC2,DNp04
20047,11137,28,LPLC2,DNp04
18900,531898,28,LPLC2,DNp04
27796,531898,28,LPLC2,DNp04
13764,531898,28,LPLC2,DNp04
112292,531898,27,LPLC2,DNp04
15804,531898,26,LPLC2,DNp04
23349,531898,26,LPLC2,DNp04
27399,531898,26,LPLC2,DNp04
21899,11137,25,LPLC2,DNp04
25511,11137,24,LPLC2,DNp04
19830,531898,24,LPLC2,DNp04
22677,11137,24,LPLC2,DNp04
134521,531898,24,LPLC2,DNp04
20799,531898,24,LPLC2,DNp04
22557,531898,24,LPLC2,DNp04
17551,11137,23,LPLC2,DNp04
19249,11137,23,LPLC2,DNp04
17880,531898,23,LPLC2,DNp04
24568,531898,23,LPLC2,DNp04
19034,11137,23,LPLC2,DNp04
25575,531898,23,LPLC2,DNp04
23878,11137,23,LPLC2,DNp04
20329,531898,23,LPLC2,DNp04
24840,531898,22,LPLC2,DNp04
32737,531898,22,LPLC2,DNp04
19549,11137,22,LPLC2,DNp04
21808,11137,22,LPLC2,DNp04
21318,11137,21,LPLC2,DNp04
518731,531898,21,LPLC2,DNp04
19589,11137,21,LPLC2,DNp04
28044,11137,21,LPLC2,DNp04
25316,11137,21,LPLC2,DNp04
34372,11137,20,LPLC2,DNp04
26416,531898,20,LPLC2,DNp04
19842,11137,20,LPLC2,DNp04
27716,531898,20,LPLC2,DNp04
22261,11137,20,LPLC2,DNp04
521115,531898,20,LPLC2,DNp04
25524,531898,19,LPLC2,DNp04
20162,11137,19,LPLC2,DNp04
34407,531898,19,LPLC2,DNp04
20103,11137,19,LPLC2,DNp04
24605,531898,19,LPLC2,DNp04
28871,11137,19,LPLC2,DNp04
20535,11137,18,LPLC2,DNp04
40841,531898,18,LPLC2,DNp04
18929,11137,18,LPLC2,DNp04
32223,531898,18,LPLC2,DNp04
25209,531898,18,LPLC2,DNp04
29873,11137,18,LPLC2,DNp04
30895,531898,18,LPLC2,DNp04
27023,531898,17,LPLC2,DNp04
27471,11137,17,LPLC2,DNp04
21045,11137,17,LPLC2,DNp04
29702,531898,17,LPLC2,DNp04
20471,11137,17,LPLC2,DNp04
20269,11137,16,LPLC2,DNp04
19608,11137,16,LPLC2,DNp04
33406,531898,16,LPLC2,DNp04
24800,11137,16,LPLC2,DNp04
25854,531898,16,LPLC2,DNp04
32507,11137,15,LPLC2,DNp04
25497,11137,15,LPLC2,DNp04
19787,531898,15,LPLC2,DNp04
23919,531898,14,LPLC2,DNp04
41097,531898,14,LPLC2,DNp04
24308,531898,14,LPLC2,DNp04
28011,531898,14,LPLC2,DNp04
25636,11137,14,LPLC2,DNp04
21562,11137,14,LPLC2,DNp04
34051,531898,14,LPLC2,DNp04
30207,11137,14,LPLC2,DNp04
129687,531898,14,LPLC2,DNp04
531014,531898,13,LPLC2,DNp04
111903,531898,13,LPLC2,DNp04
29986,11137,13,LPLC2,DNp04
31563,531898,13,LPLC2,DNp04
25136,531898,13,LPLC2,DNp04
29014,11137,13,LPLC2,DNp04
24118,11137,13,LPLC2,DNp04
19911,531898,12,LPLC2,DNp04
29598,11137,12,LPLC2,DNp04
31257,11137,12,LPLC2,DNp04
29183,11137,12,LPLC2,DNp04
33965,531898,12,LPLC2,DNp04
26528,531898,12,LPLC2,DNp04
25572,531898,12,LPLC2,DNp04
35294,531898,12,LPLC2,DNp04
27566,11137,12,LPLC2,DNp04
27355,531898,11,LPLC2,DNp04
24401,11137,11,LPLC2,DNp04
517079,531898,11,LPLC2,DNp04
29391,11137,11,LPLC2,DNp04
536444,531898,11,LPLC2,DNp04
24187,11137,11,LPLC2,DNp04
25253,11137,11,LPLC2,DNp04
35632,11137,10,LPLC2,DNp04
28003,11137,10,LPLC2,DNp04
50287,11137,9,LPLC2,DNp04
25027,531898,9,LPLC2,DNp04
23590,11137,9,LPLC2,DNp04
33185,11137,9,LPLC2,DNp04
35889,11137,9,LPLC2,DNp04
29815,531898,9,LPLC2,DNp04
25286,531898,9,LPLC2,DNp04
39620,11137,9,LPLC2,DNp04
26393,11137,9,LPLC2,DNp04
24268,11137,8,LPLC2,DNp04
520764,531898,8,LPLC2,DNp04
37431,11137,8,LPLC2,DNp04
31105,531898,8,LPLC2,DNp04
32237,531898,8,LPLC2,DNp04
29319,531898,8,LPLC2,DNp04
29287,11137,8,LPLC2,DNp04
30512,531898,8,LPLC2,DNp04
21862,11137,8,LPLC2,DNp04
23550,531898,8,LPLC2,DNp04
23497,11137,8,LPLC2,DNp04
28188,531898,8,LPLC2,DNp04
33303,531898,8,LPLC2,DNp04
525844,531898,8,LPLC2,DNp04
40811,531898,8,LPLC2,DNp04
34681,11137,7,LPLC2,DNp04
35680,11137,7,LPLC2,DNp04
26915,11137,7,LPLC2,DNp04
26147,11137,7,LPLC2,DNp04
30041,11137,7,LPLC2,DNp04
30893,531898,7,LPLC2,DNp04
30938,11137,7,LPLC2,DNp04
31964,11137,7,LPLC2,DNp04
29753,531898,7,LPLC2,DNp04
33439,11137,6,LPLC2,DNp04
524366,531898,6,LPLC2,DNp04
533895,531898,6,LPLC2,DNp04
17544,531898,6,LPLC2,DNp04
29955,531898,5,LPLC2,DNp04
25267,11137,5,LPLC2,DNp04
28741,11137,5,LPLC2,DNp04
34110,11137,5,LPLC2,DNp04
34655,531898,5,LPLC2,DNp04
29216,11137,4,LPLC2,DNp04
37613,11137,3,LPLC2,DNp04
31988,11137,2,LPLC2,DNp04
33694,11137,2,LPLC2,DNp04
35838,11137,2,LPLC2,DNp04
55627,11137,1,LPLC2,DNp04
38542,11137,1,LPLC2,DNp04
37925,11137,1,LPLC2,DNp04
33396,11137,1,LPLC2,DNp04
17364,11020,38,LC4,DNp05
17478,524001,35,LC4,DNp05
17266,11020,35,LC4,DNp05
20440,524001,34,LC4,DNp05
19260,11020,33,LC4,DNp05
524899,524001,32,LC4,DNp05
17668,11020,30,LC4,DNp05
519931,524001,29,LC4,DNp05
18478,524001,28,LC4,DNp05
17860,11020,28,LC4,DNp05
20859,524001,28,LC4,DNp05
31308,524001,26,LC4,DNp05
19634,11020,25,LC4,DNp05
21151,11020,25,LC4,DNp05
516909,524001,24,LC4,DNp05
16628,11020,24,LC4,DNp05
515900,524001,23,LC4,DNp05
16128,11020,23,LC4,DNp05
18127,11020,22,LC4,DNp05
22922,524001,22,LC4,DNp05
28980,524001,22,LC4,DNp05
12824,524001,22,LC4,DNp05
20572,524001,21,LC4,DNp05
17653,524001,21,LC4,DNp05
81112,524001,20,LC4,DNp05
20967,524001,20,LC4,DNp05
21165,11020,20,LC4,DNp05
20016,11020,18,LC4,DNp05
19420,11020,18,LC4,DNp05
16138,11020,18,LC4,DNp05
520449,524001,17,LC4,DNp05
17548,11020,17,LC4,DNp05
17054,11020,17,LC4,DNp05
20542,11020,16,LC4,DNp05
533129,524001,16,LC4,DNp05
532254,524001,15,LC4,DNp05
526286,524001,15,LC4,DNp05
17987,11020,15,LC4,DNp05
17926,11020,14,LC4,DNp05
26112,11020,14,LC4,DNp05
33137,524001,14,LC4,DNp05
19550,11020,14,LC4,DNp05
23202,524001,14,LC4,DNp05
511914,524001,13,LC4,DNp05
20917,11020,12,LC4,DNp05
22772,524001,12,LC4,DNp05
23098,11020,12,LC4,DNp05
21287,11020,11,LC4,DNp05
518983,524001,11,LC4,DNp05
20673,11020,11,LC4,DNp05
35616,524001,10,LC4,DNp05
20976,524001,10,LC4,DNp05
21721,524001,10,LC4,DNp05
518544,524001,10,LC4,DNp05
23226,524001,10,LC4,DNp05
518730,524001,10,LC4,DNp05
100485,524001,10,LC4,DNp05
21225,11020,10,LC4,DNp05
18432,524001,9,LC4,DNp05
12032,524001,9,LC4,DNp05
17270,524001,9,LC4,DNp05
18189,11020,9,LC4,DNp05
14888,524001,8,LC4,DNp05
21313,11020,8,LC4,DNp05
519650,524001,8,LC4,DNp05
23392,11020,8,LC4,DNp05
24523,524001,7,LC4,DNp05
19794,11020,7,LC4,DNp05
25584,11020,6,LC4,DNp05
29417,524001,6,LC4,DNp05
21336,11020,6,LC4,DNp05
27829,524001,6,LC4,DNp05
20399,11020,5,LC4,DNp05
22847,11020,5,LC4,DNp05
23792,11020,5,LC4,DNp05
514508,524001,5,LC4,DNp05
535341,524001,5,LC4,DNp05
22328,11020,4,LC4,DNp05
24338,11020,4,LC4,DNp05
512705,524001,4,LC4,DNp05
19954,11020,4,LC4,DNp05
21299,524001,4,LPLC2,DNp05
22194,11020,3,LC4,DNp05
22034,11020,3,LC4,DNp05
12349,524001,3,LC4,DNp05
31301,524001,3,LC4,DNp05
17340,524001,3,LC4,DNp05
517752,524001,3,LC4,DNp05
25524,524001,3,LPLC2,DNp05
28044,11020,3,LPLC2,DNp05
29391,11020,3,LPLC2,DNp05
20471,11020,3,LPLC2,DNp05
518016,524001,2,LC4,DNp05
16917,524001,2,LC4,DNp05
19543,11020,2,LC4,DNp05
31429,524001,2,LC4,DNp05
536444,524001,2,LPLC2,DNp05
20535,11020,2,LPLC2,DNp05
25572,524001,2,LPLC2,DNp05
35680,11020,2,LPLC2,DNp05
37587,524001,1,LC4,DNp05
77614,524001,1,LC4,DNp05
29469,524001,1,LC4,DNp05
21804,11020,1,LC4,DNp05
20808,11020,1,LC4,DNp05
515476,524001,1,LC4,DNp05
35889,11020,1,LPLC2,DNp05
34372,11020,1,LPLC2,DNp05
29702,524001,1,LPLC2,DNp05
27399,524001,1,LPLC2,DNp05
27355,524001,1,LPLC2,DNp05
26393,11020,1,LPLC2,DNp05
24187,11020,1,LPLC2,DNp05
23497,11020,1,LPLC2,DNp05
21862,11020,1,LPLC2,DNp05
21769,11020,1,LPLC2,DNp05
20269,11020,1,LPLC2,DNp05
20182,11020,1,LPLC2,DNp05
20103,11020,1,LPLC2,DNp05
19608,11020,1,LPLC2,DNp05
517078,524001,1,LPLC2,DNp05
111903,10228,51,LPLC2,DNp06
17544,10228,47,LPLC2,DNp06
25286,10228,40,LPLC2,DNp06
19830,10228,37,LPLC2,DNp06
26730,10584,35,LPLC2,DNp06
30893,10228,31,LPLC2,DNp06
24308,10228,30,LPLC2,DNp06
35632,10584,29,LPLC2,DNp06
515900,10228,26,LC4,DNp06
24268,10584,25,LPLC2,DNp06
25316,10584,23,LPLC2,DNp06
21299,10228,22,LPLC2,DNp06
26416,10228,22,LPLC2,DNp06
23497,10584,22,LPLC2,DNp06
14888,10228,21,LC4,DNp06
13132,10228,21,LPLC2,DNp06
516909,10228,20,LC4,DNp06
17653,10228,20,LC4,DNp06
39620,10584,20,LPLC2,DNp06
27566,10584,20,LPLC2,DNp06
33396,10584,20,LPLC2,DNp06
12384,10228,20,LPLC2,DNp06
29598,10584,20,LPLC2,DNp06
81112,10228,19,LC4,DNp06
17340,10228,19,LC4,DNp06
17478,10228,19,LC4,DNp06
518983,10228,18,LC4,DNp06
18478,10228,18,LC4,DNp06
34845,10228,18,LC4,DNp06
37613,10584,18,LPLC2,DNp06
18929,10584,18,LPLC2,DNp06
29469,10228,17,LC4,DNp06
17608,10228,17,LC4,DNp06
21769,10584,17,LPLC2,DNp06
12349,10228,16,LC4,DNp06
107513,10228,16,LC4,DNp06
20859,10228,16,LC4,DNp06
27355,10228,16,LPLC2,DNp06
33303,10228,16,LPLC2,DNp06
19589,10584,16,LPLC2,DNp06
20588,10584,15,LC4,DNp06
27624,10228,15,LC4,DNp06
21336,10584,15,LC4,DNp06
34681,10584,15,LPLC2,DNp06
13764,10228,15,LPLC2,DNp06
29183,10584,15,LPLC2,DNp06
28003,10584,15,LPLC2,DNp06
20440,10228,14,LC4,DNp06
77614,10228,14,LC4,DNp06
24605,10228,14,LPLC2,DNp06
19549,10584,14,LPLC2,DNp06
22677,10584,14,LPLC2,DNp06
21318,10584,14,LPLC2,DNp06
14102,10228,14,LPLC2,DNp06
35838,10584,14,LPLC2,DNp06
29815,10228,14,LPLC2,DNp06
519650,10228,13,LC4,DNp06
23202,10228,13,LC4,DNp06
12824,10228,13,LC4,DNp06
21721,10228,13,LC4,DNp06
23392,10584,13,LC4,DNp06
20016,10584,13,LC4,DNp06
21808,10584,13,LPLC2,DNp06
23919,10228,13,LPLC2,DNp06
40841,10228,13,LPLC2,DNp06
19249,10584,13,LPLC2,DNp06
27471,10584,13,LPLC2,DNp06
21045,10584,13,LPLC2,DNp06
19420,10584,12,LC4,DNp06
21151,10584,12,LC4,DNp06
20967,10228,12,LC4,DNp06
31301,10228,12,LC4,DNp06
17270,10228,12,LC4,DNp06
18189,10584,12,LC4,DNp06
24523,10228,12,LC4,DNp06
22194,10584,12,LC4,DNp06
517752,10228,12,LC4,DNp06
23098,10584,12,LC4,DNp06
19911,10228,12,LPLC2,DNp06
31964,10584,12,LPLC2,DNp06
29287,10584,12,LPLC2,DNp06
31563,10228,12,LPLC2,DNp06
20240,10228,12,LPLC2,DNp06
11498,10228,12,LPLC2,DNp06
22557,10228,12,LPLC2,DNp06
27023,10228,12,LPLC2,DNp06
25572,10228,12,LPLC2,DNp06
24338,10584,11,LC4,DNp06
30803,10584,11,LC4,DNp06
20399,10584,11,LC4,DNp06
22975,10584,11,LC4,DNp06
20917,10584,11,LC4,DNp06
512366,10228,11,LC4,DNp06
19634,10584,11,LC4,DNp06
25136,10228,11,LPLC2,DNp06
17551,10584,11,LPLC2,DNp06
30512,10228,11,LPLC2,DNp06
23665,10228,11,LPLC2,DNp06
20047,10584,11,LPLC2,DNp06
32237,10228,11,LPLC2,DNp06
37925,10584,11,LPLC2,DNp06
30041,10584,11,LPLC2,DNp06
22218,10584,11,LPLC2,DNp06
21899,10584,11,LPLC2,DNp06
22034,10584,10,LC4,DNp06
18396,10228,10,LC4,DNp06
16138,10584,10,LC4,DNp06
32597,10228,10,LC4,DNp06
524899,10228,10,LC4,DNp06
17668,10584,10,LC4,DNp06
17266,10584,10,LC4,DNp06
29955,10228,10,LPLC2,DNp06
19229,10584,10,LPLC2,DNp06
20749,10584,10,LPLC2,DNp06
20162,10584,10,LPLC2,DNp06
23550,10228,10,LPLC2,DNp06
30938,10584,10,LPLC2,DNp06
524366,10228,10,LPLC2,DNp06
517079,10228,10,LPLC2,DNp06
22253,10228,10,LPLC2,DNp06
19794,10584,9,LC4,DNp06
23792,10584,9,LC4,DNp06
530029,10228,9,LC4,DNp06
17364,10584,9,LC4,DNp06
21287,10584,9,LC4,DNp06
23929,10584,9,LC4,DNp06
533129,10228,9,LC4,DNp06
21313,10584,9,LC4,DNp06
15018,10228,9,LC4,DNp06
31308,10228,9,LC4,DNp06
16628,10584,9,LC4,DNp06
512705,10228,9,LC4,DNp06
30087,10228,9,LC4,DNp06
518439,10228,9,LC4,DNp06
21165,10584,9,LC4,DNp06
23590,10584,9,LPLC2,DNp06
20334,10584,9,LPLC2,DNp06
17059,10228,9,LPLC2,DNp06
14030,10228,9,LPLC2,DNp06
33439,10584,9,LPLC2,DNp06
29702,10228,9,LPLC2,DNp06
20799,10228,9,LPLC2,DNp06
19842,10584,9,LPLC2,DNp06
33406,10228,9,LPLC2,DNp06
520449,10228,8,LC4,DNp06
31429,10228,8,LC4,DNp06
18127,10584,8,LC4,DNp06
17054,10584,8,LC4,DNp06
29563,10584,8,LC4,DNp06
22847,10584,8,LC4,DNp06
515476,10228,8,LC4,DNp06
22966,10584,8,LC4,DNp06
26112,10584,8,LC4,DNp06
518544,10228,8,LC4,DNp06
25511,10584,8,LPLC2,DNp06
31257,10584,8,LPLC2,DNp06
30895,10228,8,LPLC2,DNp06
33694,10584,8,LPLC2,DNp06
517819,10228,8,LPLC2,DNp06
18672,10584,8,LPLC2,DNp06
27716,10228,8,LPLC2,DNp06
23247,10228,8,LPLC2,DNp06
19260,10584,7,LC4,DNp06
17926,10584,7,LC4,DNp06
27750,10228,7,LC4,DNp06
28945,10584,7,LC4,DNp06
527408,10584,7,LC4,DNp06
519931,10228,7,LC4,DNp06
22922,10228,7,LC4,DNp06
37587,10228,7,LC4,DNp06
20572,10228,7,LC4,DNp06
31988,10584,7,LPLC2,DNp06
34110,10584,7,LPLC2,DNp06
35294,10228,7,LPLC2,DNp06
536444,10228,7,LPLC2,DNp06
533895,10228,7,LPLC2,DNp06
517078,10228,7,LPLC2,DNp06
29319,10228,7,LPLC2,DNp06
40811,10228,7,LPLC2,DNp06
21562,10584,7,LPLC2,DNp06
525844,10228,7,LPLC2,DNp06
24187,10584,7,LPLC2,DNp06
25636,10584,7,LPLC2,DNp06
26915,10584,7,LPLC2,DNp06
20694,10584,7,LPLC2,DNp06
19608,10584,7,LPLC2,DNp06
23226,10228,6,LC4,DNp06
25584,10584,6,LC4,DNp06
18432,10228,6,LC4,DNp06
29514,10228,6,LC4,DNp06
22772,10228,6,LC4,DNp06
20542,10584,6,LC4,DNp06
12032,10228,6,LC4,DNp06
17987,10584,6,LC4,DNp06
511914,10228,6,LC4,DNp06
16917,10228,6,LC4,DNp06
17548,10584,6,LC4,DNp06
526286,10228,6,LC4,DNp06
32223,10228,6,LPLC2,DNp06
23349,10228,6,LPLC2,DNp06
24401,10584,6,LPLC2,DNp06
25209,10228,6,LPLC2,DNp06
34372,10584,6,LPLC2,DNp06
25854,10228,6,LPLC2,DNp06
21862,10584,6,LPLC2,DNp06
28044,10584,6,LPLC2,DNp06
30207,10584,6,LPLC2,DNp06
55627,10584,6,LPLC2,DNp06
14465,10584,6,LPLC2,DNp06
29417,10228,5,LC4,DNp06
20808,10584,5,LC4,DNp06
20282,10584,5,LC4,DNp06
19954,10584,5,LC4,DNp06
16809,10228,5,LC4,DNp06
20673,10584,5,LC4,DNp06
22328,10584,5,LC4,DNp06
532254,10228,5,LC4,DNp06
17860,10584,5,LC4,DNp06
19543,10584,5,LC4,DNp06
129687,10228,5,LPLC2,DNp06
21361,10228,5,LPLC2,DNp06
25267,10584,5,LPLC2,DNp06
31105,10228,5,LPLC2,DNp06
20584,10584,5,LPLC2,DNp06
38542,10584,5,LPLC2,DNp06
95241,10228,5,LPLC2,DNp06
518731,10228,5,LPLC2,DNp06
26393,10584,5,LPLC2,DNp06
28011,10228,5,LPLC2,DNp06
24118,10584,5,LPLC2,DNp06
27399,10228,5,LPLC2,DNp06
27796,10228,5,LPLC2,DNp06
18900,10228,5,LPLC2,DNp06
19146,10584,5,LPLC2,DNp06
17774,10228,5,LPLC2,DNp06
32737,10228,5,LPLC2,DNp06
111787,10228,4,LC4,DNp06
35262,10228,4,LC4,DNp06
21804,10584,4,LC4,DNp06
514956,10228,4,LC4,DNp06
27829,10228,4,LC4,DNp06
112292,10228,4,LPLC2,DNp06
35680,10584,4,LPLC2,DNp06
26528,10228,4,LPLC2,DNp06
17880,10228,4,LPLC2,DNp06
34407,10228,4,LPLC2,DNp06
24840,10228,4,LPLC2,DNp06
25497,10584,4,LPLC2,DNp06
20471,10584,4,LPLC2,DNp06
29873,10584,4,LPLC2,DNp06
29986,10584,4,LPLC2,DNp06
29753,10228,4,LPLC2,DNp06
20103,10584,4,LPLC2,DNp06
20269,10584,4,LPLC2,DNp06
21703,10584,4,LPLC2,DNp06
29216,10584,4,LPLC2,DNp06
29391,10584,4,LPLC2,DNp06
28741,10584,4,LPLC2,DNp06
28871,10584,4,LPLC2,DNp06
100485,10228,3,LC4,DNp06
21225,10584,3,LC4,DNp06
20976,10228,3,LC4,DNp06
19550,10584,3,LC4,DNp06
35616,10228,3,LC4,DNp06
535341,10228,3,LC4,DNp06
38065,10584,3,LC4,DNp06
514508,10228,3,LC4,DNp06
24568,10228,3,LPLC2,DNp06
25027,10228,3,LPLC2,DNp06
25253,10584,3,LPLC2,DNp06
25524,10228,3,LPLC2,DNp06
22261,10584,3,LPLC2,DNp06
19787,10228,3,LPLC2,DNp06
32507,10584,3,LPLC2,DNp06
34655,10228,3,LPLC2,DNp06
17990,10228,3,LPLC2,DNp06
531014,10228,3,LPLC2,DNp06
520764,10228,3,LPLC2,DNp06
521115,10228,3,LPLC2,DNp06
518730,10228,2,LC4,DNp06
518016,10228,2,LC4,DNp06
16128,10584,2,LC4,DNp06
31262,10584,2,LC4,DNp06
13726,10228,2,LPLC2,DNp06
19034,10584,2,LPLC2,DNp06
20182,10584,2,LPLC2,DNp06
20329,10228,2,LPLC2,DNp06
20535,10584,2,LPLC2,DNp06
23878,10584,2,LPLC2,DNp06
33965,10228,2,LPLC2,DNp06
34051,10228,2,LPLC2,DNp06
35889,10584,2,LPLC2,DNp06
41097,10228,2,LPLC2,DNp06
50287,10584,2,LPLC2,DNp06
30480,10584,1,LC4,DNp06
28980,10228,1,LC4,DNp06
33185,10584,1,LPLC2,DNp06
29014,10584,1,LPLC2,DNp06
28188,10228,1,LPLC2,DNp06
100103,10228,1,LPLC2,DNp06
18936,10228,1,LPLC2,DNp06
17775,10228,1,LPLC2,DNp06
514670,10228,1,LPLC2,DNp06
515971,10228,1,LPLC2,DNp06
20917,11513,2,LC4,DNp07
17266,11513,1,LC4,DNp07
16128,11513,1,LC4,DNp07
525844,10783,13,LPLC2,DNp09
30893,10783,13,LPLC2,DNp09
23919,10783,10,LPLC2,DNp09
25136,10783,9,LPLC2,DNp09
27355,10783,7,LPLC2,DNp09
35294,10783,6,LPLC2,DNp09
30512,10783,5,LPLC2,DNp09
32237,10783,5,LPLC2,DNp09
24268,11177,4,LPLC2,DNp09
29753,10783,4,LPLC2,DNp09
29319,10783,3,LPLC2,DNp09
32223,10783,3,LPLC2,DNp09
18936,10783,3,LPLC2,DNp09
34655,10783,3,LPLC2,DNp09
17544,10783,3,LPLC2,DNp09
26528,10783,2,LPLC2,DNp09
30895,10783,2,LPLC2,DNp09
31105,10783,2,LPLC2,DNp09
33303,10783,2,LPLC2,DNp09
40811,10783,2,LPLC2,DNp09
41097,10783,2,LPLC2,DNp09
35632,11177,1,LPLC2,DNp09
31563,10783,1,LPLC2,DNp09
29702,10783,1,LPLC2,DNp09
29391,11177,1,LPLC2,DNp09
25209,10783,1,LPLC2,DNp09
24187,11177,1,LPLC2,DNp09
111903,10783,1,LPLC2,DNp09
531014,10783,1,LPLC2,DNp09
21808,10283,53,LPLC2,DNp103
23497,10283,51,LPLC2,DNp103
25316,10283,51,LPLC2,DNp103
20471,10283,50,LPLC2,DNp103
29598,10283,50,LPLC2,DNp103
20162,10283,50,LPLC2,DNp103
18672,10283,48,LPLC2,DNp103
25253,10283,47,LPLC2,DNp103
21862,10283,44,LPLC2,DNp103
29702,10417,44,LPLC2,DNp103
30207,10283,44,LPLC2,DNp103
21045,10283,43,LPLC2,DNp103
22261,10283,43,LPLC2,DNp103
20334,10283,42,LPLC2,DNp103
32737,10417,42,LPLC2,DNp103
518731,10417,42,LPLC2,DNp103
29183,10283,41,LPLC2,DNp103
24268,10283,40,LPLC2,DNp103
30893,10417,40,LPLC2,DNp103
26730,10283,39,LPLC2,DNp103
34372,10283,39,LPLC2,DNp103
20269,10283,39,LPLC2,DNp103
21769,10283,38,LPLC2,DNp103
23590,10283,38,LPLC2,DNp103
23878,10283,38,LPLC2,DNp103
37925,10283,37,LPLC2,DNp103
19549,10283,37,LPLC2,DNp103
20749,10283,37,LPLC2,DNp103
22253,10417,37,LPLC2,DNp103
25027,10417,36,LPLC2,DNp103
34681,10283,36,LPLC2,DNp103
35889,10283,36,LPLC2,DNp103
19608,10283,35,LPLC2,DNp103
26915,10283,35,LPLC2,DNp103
22677,10283,35,LPLC2,DNp103
29391,10283,35,LPLC2,DNp103
39620,10283,35,LPLC2,DNp103
19146,10283,34,LPLC2,DNp103
26416,10417,34,LPLC2,DNp103
28044,10283,34,LPLC2,DNp103
25511,10283,34,LPLC2,DNp103
20535,10283,34,LPLC2,DNp103
19229,10283,33,LPLC2,DNp103
536444,10417,33,LPLC2,DNp103
20799,10417,33,LPLC2,DNp103
17544,10417,33,LPLC2,DNp103
24605,10417,33,LPLC2,DNp103
37613,10283,32,LPLC2,DNp103
29873,10283,32,LPLC2,DNp103
18936,10417,32,LPLC2,DNp103
40811,10417,32,LPLC2,DNp103
20047,10283,32,LPLC2,DNp103
31105,10417,32,LPLC2,DNp103
515971,10417,32,LPLC2,DNp103
30041,10283,32,LPLC2,DNp103
30938,10283,31,LPLC2,DNp103
20240,10417,31,LPLC2,DNp103
23247,10417,31,LPLC2,DNp103
35632,10283,31,LPLC2,DNp103
17880,10417,31,LPLC2,DNp103
21562,10283,31,LPLC2,DNp103
19830,10417,31,LPLC2,DNp103
19911,10417,31,LPLC2,DNp103
31988,10283,31,LPLC2,DNp103
27471,10283,30,LPLC2,DNp103
525844,10417,30,LPLC2,DNp103
24840,10417,30,LPLC2,DNp103
24308,10417,30,LPLC2,DNp103
32237,10417,30,LPLC2,DNp103
24187,10283,29,LPLC2,DNp103
37431,10283,29,LPLC2,DNp103
35838,10283,29,LPLC2,DNp103
111903,10417,29,LPLC2,DNp103
20103,10283,29,LPLC2,DNp103
17551,10283,29,LPLC2,DNp103
31964,10283,29,LPLC2,DNp103
31257,10283,29,LPLC2,DNp103
25497,10283,29,LPLC2,DNp103
33396,10283,29,LPLC2,DNp103
29287,10283,29,LPLC2,DNp103
14465,10283,29,LPLC2,DNp103
24800,10283,28,LPLC2,DNp103
34110,10283,28,LPLC2,DNp103
25286,10417,28,LPLC2,DNp103
18900,10417,28,LPLC2,DNp103
29986,10283,28,LPLC2,DNp103
17774,10417,28,LPLC2,DNp103
34407,10417,28,LPLC2,DNp103
19589,10283,28,LPLC2,DNp103
24118,10283,27,LPLC2,DNp103
24568,10417,27,LPLC2,DNp103
55627,10283,27,LPLC2,DNp103
517079,10417,27,LPLC2,DNp103
27355,10417,27,LPLC2,DNp103
27023,10417,26,LPLC2,DNp103
19842,10283,26,LPLC2,DNp103
33694,10283,26,LPLC2,DNp103
17059,10417,26,LPLC2,DNp103
29216,10283,26,LPLC2,DNp103
26147,10283,26,LPLC2,DNp103
31563,10417,26,LPLC2,DNp103
38542,10283,26,LPLC2,DNp103
18929,10283,26,LPLC2,DNp103
23665,10417,26,LPLC2,DNp103
20694,10283,26,LPLC2,DNp103
27566,10283,25,LPLC2,DNp103
25572,10417,25,LPLC2,DNp103
129687,10417,25,LPLC2,DNp103
25636,10283,25,LPLC2,DNp103
26393,10283,25,LPLC2,DNp103
20584,10283,25,LPLC2,DNp103
531014,10417,25,LPLC2,DNp103
19249,10283,25,LPLC2,DNp103
21899,10283,24,LPLC2,DNp103
27796,10417,24,LPLC2,DNp103
28003,10283,24,LPLC2,DNp103
30512,10417,24,LPLC2,DNp103
14102,10417,24,LPLC2,DNp103
17990,10417,24,LPLC2,DNp103
25575,10417,24,LPLC2,DNp103
520764,10417,23,LPLC2,DNp103
533895,10417,23,LPLC2,DNp103
28871,10283,23,LPLC2,DNp103
50287,10283,23,LPLC2,DNp103
32223,10417,23,LPLC2,DNp103
32507,10283,23,LPLC2,DNp103
95241,10417,23,LPLC2,DNp103
27716,10417,23,LPLC2,DNp103
22218,10283,22,LPLC2,DNp103
517819,10417,22,LPLC2,DNp103
29014,10283,22,LPLC2,DNp103
13726,10417,22,LPLC2,DNp103
514670,10417,22,LPLC2,DNp103
24401,10283,21,LPLC2,DNp103
21299,10417,21,LPLC2,DNp103
521115,10417,21,LPLC2,DNp103
21703,10283,21,LPLC2,DNp103
19034,10283,21,LPLC2,DNp103
33965,10417,21,LPLC2,DNp103
17775,10417,21,LPLC2,DNp103
29319,10417,21,LPLC2,DNp103
28741,10283,20,LPLC2,DNp103
26528,10417,20,LPLC2,DNp103
25267,10283,20,LPLC2,DNp103
12384,10417,20,LPLC2,DNp103
23349,10417,20,LPLC2,DNp103
41097,10417,20,LPLC2,DNp103
30895,10417,19,LPLC2,DNp103
29955,10417,19,LPLC2,DNp103
25854,10417,19,LPLC2,DNp103
25136,10417,19,LPLC2,DNp103
112292,10417,19,LPLC2,DNp103
21318,10283,18,LPLC2,DNp103
33303,10417,18,LPLC2,DNp103
13764,10417,18,LPLC2,DNp103
19787,10417,17,LPLC2,DNp103
21361,10417,17,LPLC2,DNp103
134521,10417,17,LPLC2,DNp103
22557,10417,16,LPLC2,DNp103
25209,10417,16,LPLC2,DNp103
40841,10417,16,LPLC2,DNp103
33439,10283,16,LPLC2,DNp103
29815,10417,16,LPLC2,DNp103
100103,10417,16,LPLC2,DNp103
20329,10417,15,LPLC2,DNp103
27399,10417,15,LPLC2,DNp103
23550,10417,15,LPLC2,DNp103
11498,10417,15,LPLC2,DNp103
20182,10283,15,LPLC2,DNp103
35294,10417,15,LPLC2,DNp103
23919,10417,15,LPLC2,DNp103
28011,10417,15,LPLC2,DNp103
28188,10417,14,LPLC2,DNp103
33185,10283,14,LPLC2,DNp103
34655,10417,14,LPLC2,DNp103
19543,10283,13,LC4,DNp103
13132,10417,13,LPLC2,DNp103
524366,10417,13,LPLC2,DNp103
34051,10417,13,LPLC2,DNp103
29753,10417,13,LPLC2,DNp103
33406,10417,12,LPLC2,DNp103
15804,10417,12,LPLC2,DNp103
35680,10283,11,LPLC2,DNp103
14030,10417,11,LPLC2,DNp103
517078,10417,10,LPLC2,DNp103
17653,10417,9,LC4,DNp103
25524,10417,9,LPLC2,DNp103
520449,10417,8,LC4,DNp103
18396,10417,8,LC4,DNp103
20917,10283,8,LC4,DNp103
17478,10417,7,LC4,DNp103
17548,10283,7,LC4,DNp103
515900,10417,7,LC4,DNp103
21804,10283,7,LC4,DNp103
25584,10283,7,LC4,DNp103
518730,10417,7,LC4,DNp103
12349,10417,7,LC4,DNp103
19550,10283,6,LC4,DNp103
19794,10283,6,LC4,DNp103
20808,10283,6,LC4,DNp103
19260,10283,6,LC4,DNp103
22847,10283,6,LC4,DNp103
18127,10283,6,LC4,DNp103
20859,10417,5,LC4,DNp103
21336,10283,5,LC4,DNp103
17054,10283,5,LC4,DNp103
30803,10283,5,LC4,DNp103
27750,10417,5,LC4,DNp103
19634,10283,5,LC4,DNp103
17987,10283,5,LC4,DNp103
23098,10283,4,LC4,DNp103
12032,10417,4,LC4,DNp103
22328,10283,4,LC4,DNp103
27624,10417,4,LC4,DNp103
24338,10283,4,LC4,DNp103
518983,10417,4,LC4,DNp103
519650,10417,4,LC4,DNp103
20588,10283,4,LC4,DNp103
20673,10283,4,LC4,DNp103
512366,10417,4,LC4,DNp103
38065,10283,4,LC4,DNp103
17266,10283,4,LC4,DNp103
31301,10417,4,LC4,DNp103
20282,10283,4,LC4,DNp103
16138,10283,4,LC4,DNp103
21313,10283,4,LC4,DNp103
23392,10283,3,LC4,DNp103
23226,10417,3,LC4,DNp103
27829,10417,3,LC4,DNp103
22034,10283,3,LC4,DNp103
20542,10283,3,LC4,DNp103
20440,10417,3,LC4,DNp103
77614,10417,3,LC4,DNp103
31308,10417,3,LC4,DNp103
19954,10283,3,LC4,DNp103
31429,10417,3,LC4,DNp103
33137,10417,3,LC4,DNp103
18478,10417,3,LC4,DNp103
35616,10417,3,LC4,DNp103
17926,10283,3,LC4,DNp103
17860,10283,3,LC4,DNp103
17668,10283,3,LC4,DNp103
17364,10283,3,LC4,DNp103
17340,10417,3,LC4,DNp103
512705,10417,3,LC4,DNp103
518016,10417,3,LC4,DNp103
515476,10417,2,LC4,DNp103
16128,10283,2,LC4,DNp103
514508,10417,2,LC4,DNp103
20399,10283,2,LC4,DNp103
20976,10417,2,LC4,DNp103
21151,10283,2,LC4,DNp103
22772,10417,2,LC4,DNp103
23792,10283,2,LC4,DNp103
28945,10283,2,LC4,DNp103
29417,10417,2,LC4,DNp103
29469,10417,2,LC4,DNp103
81112,10417,2,LC4,DNp103
30087,10417,2,LC4,DNp103
34845,10417,1,LC4,DNp103
31262,10283,1,LC4,DNp103
29563,10283,1,LC4,DNp103
26112,10283,1,LC4,DNp103
22975,10283,1,LC4,DNp103
22194,10283,1,LC4,DNp103
21225,10283,1,LC4,DNp103
20572,10417,1,LC4,DNp103
18432,10417,1,LC4,DNp103
17608,10417,1,LC4,DNp103
17270,10417,1,LC4,DNp103
511914,10417,1,LC4,DNp103
16809,10417,1,LC4,DNp103
514956,10417,1,LC4,DNp103
516909,10417,1,LC4,DNp103
518544,10417,1,LC4,DNp103
14888,10417,1,LC4,DNp103
532254,10417,1,LC4,DNp103
535341,10417,1,LC4,DNp103
17608,10259,99,LC4,DNp11
30803,10106,80,LC4,DNp11
518439,10259,80,LC4,DNp11
30480,10106,78,LC4,DNp11
22966,10106,77,LC4,DNp11
15018,10259,75,LC4,DNp11
514956,10259,73,LC4,DNp11
22847,10106,71,LC4,DNp11
18396,10259,70,LC4,DNp11
28945,10106,67,LC4,DNp11
27624,10259,67,LC4,DNp11
29514,10259,63,LC4,DNp11
38065,10106,60,LC4,DNp11
32597,10259,58,LC4,DNp11
22975,10106,58,LC4,DNp11
532254,10259,57,LC4,DNp11
530029,10259,57,LC4,DNp11
28980,10259,56,LC4,DNp11
12032,10259,56,LC4,DNp11
23929,10106,55,LC4,DNp11
23792,10106,54,LC4,DNp11
515476,10259,53,LC4,DNp11
29563,10106,53,LC4,DNp11
31262,10106,52,LC4,DNp11
514508,10259,50,LC4,DNp11
107513,10259,50,LC4,DNp11
30087,10259,49,LC4,DNp11
512366,10259,48,LC4,DNp11
26112,10106,48,LC4,DNp11
29417,10259,48,LC4,DNp11
22034,10106,47,LC4,DNp11
21287,10106,46,LC4,DNp11
37587,10259,44,LC4,DNp11
21804,10106,44,LC4,DNp11
29469,10259,41,LC4,DNp11
20399,10106,41,LC4,DNp11
27750,10259,39,LC4,DNp11
519931,10259,37,LC4,DNp11
17860,10106,37,LC4,DNp11
17266,10106,37,LC4,DNp11
20016,10106,36,LC4,DNp11
527408,10106,36,LC4,DNp11
100485,10259,36,LC4,DNp11
20673,10106,36,LC4,DNp11
20440,10259,35,LC4,DNp11
517752,10259,35,LC4,DNp11
16917,10259,34,LC4,DNp11
20588,10106,34,LC4,DNp11
21165,10106,34,LC4,DNp11
18478,10259,34,LC4,DNp11
524899,10259,33,LC4,DNp11
17364,10106,32,LC4,DNp11
34845,10259,32,LC4,DNp11
19543,10106,32,LC4,DNp11
22328,10106,31,LC4,DNp11
20282,10106,30,LC4,DNp11
16809,10259,30,LC4,DNp11
111787,10259,30,LC4,DNp11
31301,10259,29,LC4,DNp11
24338,10106,29,LC4,DNp11
20542,10106,29,LC4,DNp11
22194,10106,28,LC4,DNp11
519650,10259,27,LC4,DNp11
16138,10106,27,LC4,DNp11
12349,10259,27,LC4,DNp11
20808,10106,27,LC4,DNp11
535341,10259,26,LC4,DNp11
21721,10259,24,LC4,DNp11
19794,10106,24,LC4,DNp11
19634,10106,21,LC4,DNp11
35262,10259,21,LC4,DNp11
22772,10259,21,LC4,DNp11
22922,10259,20,LC4,DNp11
21336,10106,20,LC4,DNp11
81112,10259,19,LC4,DNp11
23392,10106,19,LC4,DNp11
31308,10259,18,LC4,DNp11
77614,10259,17,LC4,DNp11
31429,10259,15,LC4,DNp11
35616,10259,14,LC4,DNp11
512705,10259,13,LC4,DNp11
20859,10259,12,LC4,DNp11
19420,10106,12,LC4,DNp11
17270,10259,12,LC4,DNp11
17478,10259,12,LC4,DNp11
17668,10106,11,LC4,DNp11
18432,10259,11,LC4,DNp11
518016,10259,11,LC4,DNp11
23226,10259,11,LC4,DNp11
19550,10106,10,LC4,DNp11
33137,10259,9,LC4,DNp11
20572,10259,9,LC4,DNp11
533129,10259,9,LC4,DNp11
16628,10106,9,LC4,DNp11
20917,10106,9,LC4,DNp11
19260,10106,9,LC4,DNp11
25584,10106,8,LC4,DNp11
20976,10259,8,LC4,DNp11
518544,10259,8,LC4,DNp11
518730,10259,8,LC4,DNp11
18127,10106,7,LC4,DNp11
21151,10106,7,LC4,DNp11
14888,10259,7,LC4,DNp11
23098,10106,6,LC4,DNp11
16128,10106,6,LC4,DNp11
17340,10259,6,LC4,DNp11
29702,10259,6,LPLC2,DNp11
21313,10106,5,LC4,DNp11
17653,10259,5,LC4,DNp11
17987,10106,5,LC4,DNp11
26528,10259,5,LPLC2,DNp11
23202,10259,4,LC4,DNp11
518983,10259,4,LC4,DNp11
520764,10259,4,LPLC2,DNp11
24523,10259,3,LC4,DNp11
27829,10259,3,LC4,DNp11
20967,10259,3,LC4,DNp11
18189,10106,3,LC4,DNp11
17926,10106,3,LC4,DNp11
25524,10259,3,LPLC2,DNp11
27355,10259,3,LPLC2,DNp11
29753,10259,3,LPLC2,DNp11
33965,10259,3,LPLC2,DNp11
533895,10259,3,LPLC2,DNp11
525844,10259,3,LPLC2,DNp11
516909,10259,2,LC4,DNp11
515900,10259,2,LC4,DNp11
511914,10259,2,LC4,DNp11
17548,10106,2,LC4,DNp11
21225,10106,2,LC4,DNp11
20162,10106,2,LPLC2,DNp11
23919,10259,2,LPLC2,DNp11
27399,10259,2,LPLC2,DNp11
28011,10259,2,LPLC2,DNp11
31105,10259,2,LPLC2,DNp11
33303,10259,2,LPLC2,DNp11
33406,10259,2,LPLC2,DNp11
34681,10106,2,LPLC2,DNp11
12824,10259,1,LC4,DNp11
55627,10106,1,LPLC2,DNp11
37431,10106,1,LPLC2,DNp11
35889,10106,1,LPLC2,DNp11
35294,10259,1,LPLC2,DNp11
34372,10106,1,LPLC2,DNp11
33185,10106,1,LPLC2,DNp11
31964,10106,1,LPLC2,DNp11
30938,10106,1,LPLC2,DNp11
30895,10259,1,LPLC2,DNp11
28188,10259,1,LPLC2,DNp11
27023,10259,1,LPLC2,DNp11
26147,10106,1,LPLC2,DNp11
25253,10106,1,LPLC2,DNp11
25136,10259,1,LPLC2,DNp11
25027,10259,1,LPLC2,DNp11
24308,10259,1,LPLC2,DNp11
24118,10106,1,LPLC2,DNp11
23665,10259,1,LPLC2,DNp11
23590,10106,1,LPLC2,DNp11
22253,10259,1,LPLC2,DNp11
19911,10259,1,LPLC2,DNp11
17544,10259,1,LPLC2,DNp11
19260,536048,2,LC4,DNp27
517079,10063,2,LPLC2,DNp27
531014,10063,2,LPLC2,DNp27
19842,536048,2,LPLC2,DNp27
24568,536048,2,LPLC2,DNp27
24605,10063,2,LPLC2,DNp27
23226,536048,1,LC4,DNp27
23202,10063,1,LC4,DNp27
23098,536048,1,LC4,DNp27
22328,10063,1,LC4,DNp27
21151,536048,1,LC4,DNp27
19543,10063,1,LC4,DNp27
16628,10063,1,LC4,DNp27
35294,536048,1,LPLC2,DNp27
33965,536048,1,LPLC2,DNp27
33694,10063,1,LPLC2,DNp27
32507,10063,1,LPLC2,DNp27
31563,10063,1,LPLC2,DNp27
29815,10063,1,LPLC2,DNp27
29183,10063,1,LPLC2,DNp27
28188,536048,1,LPLC2,DNp27
28188,10063,1,LPLC2,DNp27
28011,536048,1,LPLC2,DNp27
27399,536048,1,LPLC2,DNp27
27355,536048,1,LPLC2,DNp27
27023,536048,1,LPLC2,DNp27
26730,10063,1,LPLC2,DNp27
26528,10063,1,LPLC2,DNp27
23919,536048,1,LPLC2,DNp27
22677,536048,1,LPLC2,DNp27
22557,536048,1,LPLC2,DNp27
22253,10063,1,LPLC2,DNp27
21299,536048,1,LPLC2,DNp27
20584,10063,1,LPLC2,DNp27
19787,536048,1,LPLC2,DNp27
517819,536048,1,LPLC2,DNp27
521115,10063,1,LPLC2,DNp27
13764,10063,1,LPLC2,DNp27
536444,536048,1,LPLC2,DNp27
17608,10068,2,LC4,DNp30
23929,10143,1,LC4,DNp30
22975,10143,1,LC4,DNp30
515900,10234,24,LC4,DNp35
13764,10234,23,LPLC2,DNp35
11498,10234,22,LPLC2,DNp35
21318,10558,16,LPLC2,DNp35
18929,10558,16,LPLC2,DNp35
21769,10558,16,LPLC2,DNp35
25316,10558,15,LPLC2,DNp35
22677,10558,15,LPLC2,DNp35
25575,10234,14,LPLC2,DNp35
18936,10234,14,LPLC2,DNp35
19249,10558,13,LPLC2,DNp35
12384,10234,13,LPLC2,DNp35
21225,10558,12,LC4,DNp35
20240,10234,12,LPLC2,DNp35
25267,10558,12,LPLC2,DNp35
16628,10558,11,LC4,DNp35
19229,10558,11,LPLC2,DNp35
22966,10558,10,LC4,DNp35
30480,10558,10,LC4,DNp35
16128,10558,10,LC4,DNp35
23202,10234,10,LC4,DNp35
18672,10558,10,LPLC2,DNp35
23878,10558,10,LPLC2,DNp35
25636,10558,10,LPLC2,DNp35
27399,10234,10,LPLC2,DNp35
517078,10234,10,LPLC2,DNp35
20440,10234,9,LC4,DNp35
17054,10558,9,LC4,DNp35
17926,10558,9,LC4,DNp35
23098,10558,9,LC4,DNp35
13132,10234,9,LPLC2,DNp35
20584,10558,9,LPLC2,DNp35
23497,10558,9,LPLC2,DNp35
33303,10234,9,LPLC2,DNp35
32223,10234,9,LPLC2,DNp35
20749,10558,9,LPLC2,DNp35
17340,10234,8,LC4,DNp35
22922,10234,8,LC4,DNp35
21165,10558,8,LC4,DNp35
19911,10234,8,LPLC2,DNp35
19830,10234,8,LPLC2,DNp35
17059,10234,8,LPLC2,DNp35
19549,10558,8,LPLC2,DNp35
20162,10558,8,LPLC2,DNp35
25253,10558,8,LPLC2,DNp35
19842,10558,8,LPLC2,DNp35
25286,10234,8,LPLC2,DNp35
34681,10558,8,LPLC2,DNp35
19608,10558,8,LPLC2,DNp35
112292,10234,8,LPLC2,DNp35
95241,10234,8,LPLC2,DNp35
32507,10558,8,LPLC2,DNp35
33185,10558,8,LPLC2,DNp35
30041,10558,8,LPLC2,DNp35
18432,10234,7,LC4,DNp35
28945,10558,7,LC4,DNp35
527408,10558,7,LC4,DNp35
29469,10234,7,LC4,DNp35
33396,10558,7,LPLC2,DNp35
14102,10234,7,LPLC2,DNp35
21703,10558,7,LPLC2,DNp35
21562,10558,7,LPLC2,DNp35
24118,10558,7,LPLC2,DNp35
24401,10558,7,LPLC2,DNp35
23247,10234,7,LPLC2,DNp35
26730,10558,7,LPLC2,DNp35
37613,10558,7,LPLC2,DNp35
20694,10558,7,LPLC2,DNp35
134521,10234,7,LPLC2,DNp35
30207,10558,7,LPLC2,DNp35
31257,10558,7,LPLC2,DNp35
30893,10234,7,LPLC2,DNp35
18478,10234,6,LC4,DNp35
31308,10234,6,LC4,DNp35
18396,10234,6,LC4,DNp35
31429,10234,6,LC4,DNp35
33137,10234,6,LC4,DNp35
28980,10234,6,LC4,DNp35
12032,10234,6,LC4,DNp35
17668,10558,6,LC4,DNp35
38065,10558,6,LC4,DNp35
526286,10234,6,LC4,DNp35
18189,10558,6,LC4,DNp35
111903,10234,6,LPLC2,DNp35
24800,10558,6,LPLC2,DNp35
23665,10234,6,LPLC2,DNp35
19787,10234,6,LPLC2,DNp35
29955,10234,6,LPLC2,DNp35
28188,10234,6,LPLC2,DNp35
20334,10558,6,LPLC2,DNp35
27355,10234,6,LPLC2,DNp35
22261,10558,6,LPLC2,DNp35
20471,10558,6,LPLC2,DNp35
524366,10234,6,LPLC2,DNp35
518731,10234,6,LPLC2,DNp35
17990,10234,6,LPLC2,DNp35
37431,10558,6,LPLC2,DNp35
17544,10234,6,LPLC2,DNp35
14465,10558,6,LPLC2,DNp35
520449,10234,5,LC4,DNp35
21336,10558,5,LC4,DNp35
21151,10558,5,LC4,DNp35
20572,10234,5,LC4,DNp35
23792,10558,5,LC4,DNp35
518983,10234,5,LC4,DNp35
524899,10234,5,LC4,DNp35
515476,10234,5,LC4,DNp35
22194,10558,5,LC4,DNp35
32597,10234,5,LC4,DNp35
17478,10234,5,LC4,DNp35
535341,10234,5,LC4,DNp35
19543,10558,5,LC4,DNp35
21045,10558,5,LPLC2,DNp35
21299,10234,5,LPLC2,DNp35
25209,10234,5,LPLC2,DNp35
25136,10234,5,LPLC2,DNp35
29986,10558,5,LPLC2,DNp35
20329,10234,5,LPLC2,DNp35
30512,10234,5,LPLC2,DNp35
21862,10558,5,LPLC2,DNp35
28011,10234,5,LPLC2,DNp35
27566,10558,5,LPLC2,DNp35
22218,10558,5,LPLC2,DNp35
35294,10234,5,LPLC2,DNp35
18900,10234,5,LPLC2,DNp35
35632,10558,5,LPLC2,DNp35
27624,10234,4,LC4,DNp35
17860,10558,4,LC4,DNp35
14888,10234,4,LC4,DNp35
35616,10234,4,LC4,DNp35
23392,10558,4,LC4,DNp35
107513,10234,4,LC4,DNp35
19550,10558,4,LC4,DNp35
20859,10234,4,LC4,DNp35
17270,10234,4,LC4,DNp35
37587,10234,4,LC4,DNp35
77614,10234,4,LC4,DNp35
17548,10558,4,LC4,DNp35
15804,10234,4,LPLC2,DNp35
22253,10234,4,LPLC2,DNp35
27471,10558,4,LPLC2,DNp35
17774,10234,4,LPLC2,DNp35
26915,10558,4,LPLC2,DNp35
17880,10234,4,LPLC2,DNp35
33439,10558,4,LPLC2,DNp35
23550,10234,4,LPLC2,DNp35
33965,10234,4,LPLC2,DNp35
25497,10558,4,LPLC2,DNp35
25511,10558,4,LPLC2,DNp35
25524,10234,4,LPLC2,DNp35
20535,10558,4,LPLC2,DNp35
29753,10234,4,LPLC2,DNp35
129687,10234,4,LPLC2,DNp35
20799,10234,4,LPLC2,DNp35
20047,10558,4,LPLC2,DNp35
31105,10234,4,LPLC2,DNp35
19146,10558,4,LPLC2,DNp35
27796,10234,4,LPLC2,DNp35
27716,10234,4,LPLC2,DNp35
29183,10558,4,LPLC2,DNp35
28741,10558,4,LPLC2,DNp35
24523,10234,3,LC4,DNp35
24338,10558,3,LC4,DNp35
25584,10558,3,LC4,DNp35
26112,10558,3,LC4,DNp35
111787,10234,3,LC4,DNp35
22975,10558,3,LC4,DNp35
27750,10234,3,LC4,DNp35
20808,10558,3,LC4,DNp35
31262,10558,3,LC4,DNp35
19794,10558,3,LC4,DNp35
17653,10234,3,LC4,DNp35
533129,10234,3,LC4,DNp35
17364,10558,3,LC4,DNp35
511914,10234,3,LC4,DNp35
530029,10234,3,LC4,DNp35
512366,10234,3,LC4,DNp35
518544,10234,3,LC4,DNp35
519650,10234,3,LC4,DNp35
24605,10234,3,LPLC2,DNp35
24308,10234,3,LPLC2,DNp35
26147,10558,3,LPLC2,DNp35
23349,10234,3,LPLC2,DNp35
28003,10558,3,LPLC2,DNp35
29216,10558,3,LPLC2,DNp35
29319,10234,3,LPLC2,DNp35
29815,10234,3,LPLC2,DNp35
20182,10558,3,LPLC2,DNp35
31988,10558,3,LPLC2,DNp35
19034,10558,3,LPLC2,DNp35
34407,10234,3,LPLC2,DNp35
35838,10558,3,LPLC2,DNp35
533895,10234,3,LPLC2,DNp35
39620,10558,3,LPLC2,DNp35
55627,10558,3,LPLC2,DNp35
514670,10234,3,LPLC2,DNp35
41097,10234,3,LPLC2,DNp35
14030,10234,3,LPLC2,DNp35
50287,10558,3,LPLC2,DNp35
520764,10234,3,LPLC2,DNp35
15018,10234,2,LC4,DNp35
517752,10234,2,LC4,DNp35
514956,10234,2,LC4,DNp35
512705,10234,2,LC4,DNp35
16809,10234,2,LC4,DNp35
16917,10234,2,LC4,DNp35
17266,10558,2,LC4,DNp35
17987,10558,2,LC4,DNp35
18127,10558,2,LC4,DNp35
19260,10558,2,LC4,DNp35
20542,10558,2,LC4,DNp35
20588,10558,2,LC4,DNp35
12349,10234,2,LC4,DNp35
20917,10558,2,LC4,DNp35
20976,10234,2,LC4,DNp35
21287,10558,2,LC4,DNp35
21804,10558,2,LC4,DNp35
22772,10234,2,LC4,DNp35
27829,10234,2,LC4,DNp35
30803,10558,2,LC4,DNp35
517079,10234,2,LPLC2,DNp35
17551,10558,2,LPLC2,DNp35
536444,10234,2,LPLC2,DNp35
21361,10234,2,LPLC2,DNp35
21808,10558,2,LPLC2,DNp35
21899,10558,2,LPLC2,DNp35
23590,10558,2,LPLC2,DNp35
24268,10558,2,LPLC2,DNp35
24840,10234,2,LPLC2,DNp35
25854,10234,2,LPLC2,DNp35
26416,10234,2,LPLC2,DNp35
26528,10234,2,LPLC2,DNp35
28871,10558,2,LPLC2,DNp35
29391,10558,2,LPLC2,DNp35
29598,10558,2,LPLC2,DNp35
29873,10558,2,LPLC2,DNp35
33406,10234,2,LPLC2,DNp35
34110,10558,2,LPLC2,DNp35
34372,10558,2,LPLC2,DNp35
35889,10558,2,LPLC2,DNp35
40811,10234,2,LPLC2,DNp35
40841,10234,2,LPLC2,DNp35
35262,10234,1,LC4,DNp35
81112,10234,1,LC4,DNp35
29563,10558,1,LC4,DNp35
29417,10234,1,LC4,DNp35
21721,10234,1,LC4,DNp35
21313,10558,1,LC4,DNp35
20967,10234,1,LC4,DNp35
20673,10558,1,LC4,DNp35
20282,10558,1,LC4,DNp35
19954,10558,1,LC4,DNp35
19634,10558,1,LC4,DNp35
19420,10558,1,LC4,DNp35
514508,10234,1,LC4,DNp35
16138,10558,1,LC4,DNp35
516909,10234,1,LC4,DNp35
12824,10234,1,LC4,DNp35
37925,10558,1,LPLC2,DNp35
35680,10558,1,LPLC2,DNp35
34655,10234,1,LPLC2,DNp35
34051,10234,1,LPLC2,DNp35
32237,10234,1,LPLC2,DNp35
31563,10234,1,LPLC2,DNp35
30938,10558,1,LPLC2,DNp35
29287,10558,1,LPLC2,DNp35
29014,10558,1,LPLC2,DNp35
27023,10234,1,LPLC2,DNp35
26393,10558,1,LPLC2,DNp35
25572,10234,1,LPLC2,DNp35
100103,10234,1,LPLC2,DNp35
24568,10234,1,LPLC2,DNp35
24187,10558,1,LPLC2,DNp35
23919,10234,1,LPLC2,DNp35
20269,10558,1,LPLC2,DNp35
17775,10234,1,LPLC2,DNp35
517819,10234,1,LPLC2,DNp35
525844,10234,1,LPLC2,DNp35
531014,10234,1,LPLC2,DNp35
32597,10713,1,LC4,DNp42
29417,10713,1,LC4,DNp42
21287,506334,1,LC4,DNp42
20859,10713,1,LC4,DNp42
20588,506334,1,LC4,DNp42
18432,10713,1,LC4,DNp42
18189,506334,1,LC4,DNp42
17860,506334,1,LC4,DNp42
518544,10713,1,LC4,DNp42
518983,10713,1,LC4,DNp42
530029,10713,1,LC4,DNp42
23392,10280,1,LC4,DNp47
19954,10280,1,LC4,DNp47
18189,10280,1,LC4,DNp47
18127,10280,1,LC4,DNp47
17668,10280,1,LC4,DNp47
23590,10280,1,LPLC2,DNp47
21808,11088,8,LPLC2,DNp55
34655,10244,6,LPLC2,DNp55
29391,11088,6,LPLC2,DNp55
517079,10244,5,LPLC2,DNp55
41097,10244,5,LPLC2,DNp55
27355,10244,5,LPLC2,DNp55
27399,10244,5,LPLC2,DNp55
31563,10244,5,LPLC2,DNp55
515971,10244,4,LPLC2,DNp55
23665,10244,4,LPLC2,DNp55
29702,10244,4,LPLC2,DNp55
37925,11088,4,LPLC2,DNp55
531014,10244,4,LPLC2,DNp55
25136,10244,3,LPLC2,DNp55
23349,10244,3,LPLC2,DNp55
22557,10244,3,LPLC2,DNp55
29753,10244,3,LPLC2,DNp55
129687,10244,3,LPLC2,DNp55
30512,10244,3,LPLC2,DNp55
20269,11088,3,LPLC2,DNp55
19249,11088,3,LPLC2,DNp55
33185,11088,3,LPLC2,DNp55
34372,11088,3,LPLC2,DNp55
536444,10244,3,LPLC2,DNp55
35889,11088,3,LPLC2,DNp55
13726,10244,3,LPLC2,DNp55
18478,10244,2,LC4,DNp55
520764,10244,2,LPLC2,DNp55
517078,10244,2,LPLC2,DNp55
15804,10244,2,LPLC2,DNp55
17544,10244,2,LPLC2,DNp55
19589,11088,2,LPLC2,DNp55
20334,11088,2,LPLC2,DNp55
20471,11088,2,LPLC2,DNp55
21045,11088,2,LPLC2,DNp55
25027,10244,2,LPLC2,DNp55
28011,10244,2,LPLC2,DNp55
29598,11088,2,LPLC2,DNp55
29955,10244,2,LPLC2,DNp55
30895,10244,2,LPLC2,DNp55
32237,10244,2,LPLC2,DNp55
34051,10244,2,LPLC2,DNp55
34681,11088,2,LPLC2,DNp55
40811,10244,2,LPLC2,DNp55
33439,11088,1,LPLC2,DNp55
31105,10244,1,LPLC2,DNp55
30207,11088,1,LPLC2,DNp55
30041,11088,1,LPLC2,DNp55
28188,10244,1,LPLC2,DNp55
27796,10244,1,LPLC2,DNp55
25286,10244,1,LPLC2,DNp55
25253,11088,1,LPLC2,DNp55
24401,11088,1,LPLC2,DNp55
23590,11088,1,LPLC2,DNp55
23497,11088,1,LPLC2,DNp55
21769,11088,1,LPLC2,DNp55
21361,10244,1,LPLC2,DNp55
20047,11088,1,LPLC2,DNp55
19787,10244,1,LPLC2,DNp55
19549,11088,1,LPLC2,DNp55
17880,10244,1,LPLC2,DNp55
17059,10244,1,LPLC2,DNp55
521115,10244,1,LPLC2,DNp55
524366,10244,1,LPLC2,DNp55
13132,10244,1,LPLC2,DNp55
12384,10244,1,LPLC2,DNp55
28945,11290,3,LC4,DNp66
17860,11290,2,LC4,DNp66
23792,11290,2,LC4,DNp66
17364,11290,1,LC4,DNp66
17266,11290,1,LC4,DNp66
512366,33037,4,LC4,DNp69
20917,10957,4,LC4,DNp69
24268,10957,4,LPLC2,DNp69
77614,33037,3,LC4,DNp69
23590,10957,3,LPLC2,DNp69
21287,10957,2,LC4,DNp69
22194,10957,2,LC4,DNp69
23929,10957,2,LC4,DNp69
29469,33037,2,LC4,DNp69
29514,33037,2,LC4,DNp69
20471,10957,2,LPLC2,DNp69
24187,10957,2,LPLC2,DNp69
26147,10957,2,LPLC2,DNp69
27023,33037,2,LPLC2,DNp69
37587,33037,1,LC4,DNp69
34845,33037,1,LC4,DNp69
27624,33037,1,LC4,DNp69
24338,10957,1,LC4,DNp69
22847,10957,1,LC4,DNp69
22328,10957,1,LC4,DNp69
21804,10957,1,LC4,DNp69
20673,10957,1,LC4,DNp69
19954,10957,1,LC4,DNp69
18432,33037,1,LC4,DNp69
17340,33037,1,LC4,DNp69
16917,33037,1,LC4,DNp69
31964,10957,1,LPLC2,DNp69
29287,10957,1,LPLC2,DNp69
27566,10957,1,LPLC2,DNp69
26393,10957,1,LPLC2,DNp69
34372,11133,9,LPLC2,DNp70
24268,11133,8,LPLC2,DNp70
23919,10580,6,LPLC2,DNp70
29391,11133,5,LPLC2,DNp70
35838,11133,4,LPLC2,DNp70
17544,10580,4,LPLC2,DNp70
25136,10580,3,LPLC2,DNp70
25253,11133,3,LPLC2,DNp70
21562,11133,3,LPLC2,DNp70
20471,11133,3,LPLC2,DNp70
30893,10580,3,LPLC2,DNp70
32237,10580,3,LPLC2,DNp70
33396,11133,3,LPLC2,DNp70
35294,10580,3,LPLC2,DNp70
39620,11133,3,LPLC2,DNp70
55627,11133,3,LPLC2,DNp70
512366,10580,2,LC4,DNp70
34845,10580,2,LC4,DNp70
525844,10580,2,LPLC2,DNp70
24187,11133,2,LPLC2,DNp70
27796,10580,2,LPLC2,DNp70
29598,11133,2,LPLC2,DNp70
34655,10580,2,LPLC2,DNp70
35632,11133,2,LPLC2,DNp70
37925,11133,2,LPLC2,DNp70
38542,11133,2,LPLC2,DNp70
37587,10580,1,LC4,DNp70
77614,10580,1,LC4,DNp70
30480,11133,1,LC4,DNp70
27750,10580,1,LC4,DNp70
111787,10580,1,LC4,DNp70
22966,11133,1,LC4,DNp70
20967,10580,1,LC4,DNp70
20859,10580,1,LC4,DNp70
19260,11133,1,LC4,DNp70
16809,10580,1,LC4,DNp70
518439,10580,1,LC4,DNp70
519931,10580,1,LC4,DNp70
530029,10580,1,LC4,DNp70
50287,11133,1,LPLC2,DNp70
40811,10580,1,LPLC2,DNp70
35680,11133,1,LPLC2,DNp70
33694,11133,1,LPLC2,DNp70
33439,11133,1,LPLC2,DNp70
33185,11133,1,LPLC2,DNp70
31988,11133,1,LPLC2,DNp70
29287,11133,1,LPLC2,DNp70
28871,11133,1,LPLC2,DNp70
28741,11133,1,LPLC2,DNp70
27566,11133,1,LPLC2,DNp70
26528,10580,1,LPLC2,DNp70
25575,10580,1,LPLC2,DNp70
23919,11133,1,LPLC2,DNp70
111903,10580,1,LPLC2,DNp70
20269,11133,1,LPLC2,DNp70
20047,11133,1,LPLC2,DNp70
19549,11133,1,LPLC2,DNp70
17059,10580,1,LPLC2,DNp70
517079,10580,1,LPLC2,DNp70
533895,10580,1,LPLC2,DNp70
536444,10580,1,LPLC2,DNp70
515971,519771,31,LPLC2,DNp71
514670,519771,26,LPLC2,DNp71
17544,519771,21,LPLC2,DNp71
19830,519771,20,LPLC2,DNp71
19787,519771,19,LPLC2,DNp71
12384,519771,19,LPLC2,DNp71
518731,519771,19,LPLC2,DNp71
22557,519771,17,LPLC2,DNp71
25316,11159,16,LPLC2,DNp71
13726,519771,16,LPLC2,DNp71
517079,519771,16,LPLC2,DNp71
25286,519771,15,LPLC2,DNp71
20103,11159,15,LPLC2,DNp71
19608,11159,14,LPLC2,DNp71
20329,519771,14,LPLC2,DNp71
11498,519771,14,LPLC2,DNp71
18936,519771,14,LPLC2,DNp71
19249,11159,14,LPLC2,DNp71
17990,519771,14,LPLC2,DNp71
13132,519771,13,LPLC2,DNp71
24308,519771,13,LPLC2,DNp71
17059,519771,13,LPLC2,DNp71
14102,519771,13,LPLC2,DNp71
19549,11159,13,LPLC2,DNp71
22253,519771,13,LPLC2,DNp71
29702,519771,12,LPLC2,DNp71
20584,11159,12,LPLC2,DNp71
17551,11159,12,LPLC2,DNp71
24605,519771,12,LPLC2,DNp71
111903,519771,12,LPLC2,DNp71
25572,519771,12,LPLC2,DNp71
21808,11159,12,LPLC2,DNp71
21299,519771,11,LPLC2,DNp71
27023,519771,11,LPLC2,DNp71
13764,519771,11,LPLC2,DNp71
21318,11159,11,LPLC2,DNp71
23550,519771,11,LPLC2,DNp71
30893,519771,11,LPLC2,DNp71
517819,519771,11,LPLC2,DNp71
18672,11159,11,LPLC2,DNp71
26730,11159,11,LPLC2,DNp71
18900,519771,11,LPLC2,DNp71
29873,11159,10,LPLC2,DNp71
24840,519771,10,LPLC2,DNp71
24187,11159,10,LPLC2,DNp71
531014,519771,10,LPLC2,DNp71
23349,519771,10,LPLC2,DNp71
14030,519771,10,LPLC2,DNp71
533895,519771,10,LPLC2,DNp71
15804,519771,10,LPLC2,DNp71
23247,519771,9,LPLC2,DNp71
27355,519771,9,LPLC2,DNp71
95241,519771,9,LPLC2,DNp71
17774,519771,9,LPLC2,DNp71
112292,519771,9,LPLC2,DNp71
34372,11159,8,LPLC2,DNp71
25136,519771,8,LPLC2,DNp71
31563,519771,8,LPLC2,DNp71
20799,519771,8,LPLC2,DNp71
35838,11159,8,LPLC2,DNp71
23590,11159,8,LPLC2,DNp71
23665,519771,8,LPLC2,DNp71
28044,11159,8,LPLC2,DNp71
26528,519771,8,LPLC2,DNp71
525844,519771,8,LPLC2,DNp71
34051,519771,8,LPLC2,DNp71
33303,519771,7,LPLC2,DNp71
34407,519771,7,LPLC2,DNp71
32737,519771,7,LPLC2,DNp71
517078,519771,7,LPLC2,DNp71
24800,11159,7,LPLC2,DNp71
100103,519771,7,LPLC2,DNp71
25027,519771,7,LPLC2,DNp71
19842,11159,7,LPLC2,DNp71
37925,11159,7,LPLC2,DNp71
20334,11159,7,LPLC2,DNp71
32237,519771,6,LPLC2,DNp71
19589,11159,6,LPLC2,DNp71
19911,519771,6,LPLC2,DNp71
23919,519771,6,LPLC2,DNp71
20749,11159,6,LPLC2,DNp71
19034,11159,6,LPLC2,DNp71
22677,11159,6,LPLC2,DNp71
27471,11159,6,LPLC2,DNp71
35632,11159,6,LPLC2,DNp71
39620,11159,5,LPLC2,DNp71
25209,519771,5,LPLC2,DNp71
20240,519771,5,LPLC2,DNp71
20047,11159,5,LPLC2,DNp71
30207,11159,5,LPLC2,DNp71
30041,11159,5,LPLC2,DNp71
134521,519771,5,LPLC2,DNp71
30512,519771,5,LPLC2,DNp71
23497,11159,5,LPLC2,DNp71
28188,519771,5,LPLC2,DNp71
21862,11159,5,LPLC2,DNp71
40841,519771,5,LPLC2,DNp71
22218,11159,5,LPLC2,DNp71
25524,519771,5,LPLC2,DNp71
33406,519771,5,LPLC2,DNp71
19146,11159,5,LPLC2,DNp71
32223,519771,5,LPLC2,DNp71
18929,11159,5,LPLC2,DNp71
26416,519771,4,LPLC2,DNp71
35680,11159,4,LPLC2,DNp71
27566,11159,4,LPLC2,DNp71
17775,519771,4,LPLC2,DNp71
26915,11159,4,LPLC2,DNp71
24268,11159,4,LPLC2,DNp71
521115,519771,4,LPLC2,DNp71
24401,11159,4,LPLC2,DNp71
14465,11159,4,LPLC2,DNp71
25575,519771,4,LPLC2,DNp71
35294,519771,4,LPLC2,DNp71
25854,519771,4,LPLC2,DNp71
20471,11159,4,LPLC2,DNp71
29753,519771,4,LPLC2,DNp71
21769,11159,4,LPLC2,DNp71
29183,11159,4,LPLC2,DNp71
29319,519771,4,LPLC2,DNp71
24568,519771,3,LPLC2,DNp71
25511,11159,3,LPLC2,DNp71
27716,519771,3,LPLC2,DNp71
27796,519771,3,LPLC2,DNp71
28011,519771,3,LPLC2,DNp71
29391,11159,3,LPLC2,DNp71
21045,11159,3,LPLC2,DNp71
31257,11159,3,LPLC2,DNp71
33439,11159,3,LPLC2,DNp71
34681,11159,3,LPLC2,DNp71
17880,519771,3,LPLC2,DNp71
37613,11159,3,LPLC2,DNp71
40811,519771,3,LPLC2,DNp71
524366,519771,3,LPLC2,DNp71
17478,519771,2,LC4,DNp71
19229,11159,2,LPLC2,DNp71
20269,11159,2,LPLC2,DNp71
22261,11159,2,LPLC2,DNp71
23878,11159,2,LPLC2,DNp71
25267,11159,2,LPLC2,DNp71
26393,11159,2,LPLC2,DNp71
29598,11159,2,LPLC2,DNp71
29955,519771,2,LPLC2,DNp71
31964,11159,2,LPLC2,DNp71
33396,11159,2,LPLC2,DNp71
33965,519771,2,LPLC2,DNp71
34110,11159,2,LPLC2,DNp71
34655,519771,2,LPLC2,DNp71
38542,11159,2,LPLC2,DNp71
41097,519771,2,LPLC2,DNp71
50287,11159,2,LPLC2,DNp71
32507,11159,1,LPLC2,DNp71
31105,519771,1,LPLC2,DNp71
29287,11159,1,LPLC2,DNp71
29216,11159,1,LPLC2,DNp71
29014,11159,1,LPLC2,DNp71
28871,11159,1,LPLC2,DNp71
28741,11159,1,LPLC2,DNp71
28003,11159,1,LPLC2,DNp71
27399,519771,1,LPLC2,DNp71
25253,11159,1,LPLC2,DNp71
24118,11159,1,LPLC2,DNp71
21899,11159,1,LPLC2,DNp71
21703,11159,1,LPLC2,DNp71
21562,11159,1,LPLC2,DNp71
21361,519771,1,LPLC2,DNp71
129687,519771,1,LPLC2,DNp71
20535,11159,1,LPLC2,DNp71
20182,11159,1,LPLC2,DNp71
20162,11159,1,LPLC2,DNp71
536444,519771,1,LPLC2,DNp71
532254,11573,10,LC4,DNpe021
15018,11573,9,LC4,DNpe021
29417,11573,9,LC4,DNpe021
17270,11573,7,LC4,DNpe021
18396,11573,6,LC4,DNpe021
30087,11573,6,LC4,DNpe021
22847,575082,6,LC4,DNpe021
516909,11573,6,LC4,DNpe021
21287,575082,5,LC4,DNpe021
530029,11573,5,LC4,DNpe021
23226,11573,5,LC4,DNpe021
515476,11573,5,LC4,DNpe021
18478,11573,5,LC4,DNpe021
17608,11573,5,LC4,DNpe021
17266,575082,5,LC4,DNpe021
22677,575082,5,LPLC2,DNpe021
19589,575082,5,LPLC2,DNpe021
517752,11573,4,LC4,DNpe021
17478,11573,4,LC4,DNpe021
16917,11573,4,LC4,DNpe021
30803,575082,4,LC4,DNpe021
27750,11573,4,LC4,DNpe021
22034,575082,4,LC4,DNpe021
29469,11573,4,LC4,DNpe021
23497,575082,4,LPLC2,DNpe021
19249,575082,4,LPLC2,DNpe021
24523,11573,3,LC4,DNpe021
33137,11573,3,LC4,DNpe021
18432,11573,3,LC4,DNpe021
17653,11573,3,LC4,DNpe021
512705,11573,3,LC4,DNpe021
16128,575082,3,LC4,DNpe021
514956,11573,3,LC4,DNpe021
524899,11573,3,LC4,DNpe021
518730,11573,3,LC4,DNpe021
519650,11573,3,LC4,DNpe021
25267,575082,3,LPLC2,DNpe021
27471,575082,3,LPLC2,DNpe021
21862,575082,3,LPLC2,DNpe021
21703,575082,3,LPLC2,DNpe021
19229,575082,3,LPLC2,DNpe021
14888,11573,2,LC4,DNpe021
17340,11573,2,LC4,DNpe021
17364,575082,2,LC4,DNpe021
533129,11573,2,LC4,DNpe021
17548,575082,2,LC4,DNpe021
17860,575082,2,LC4,DNpe021
19634,575082,2,LC4,DNpe021
20016,575082,2,LC4,DNpe021
20440,11573,2,LC4,DNpe021
20542,575082,2,LC4,DNpe021
20859,11573,2,LC4,DNpe021
20917,575082,2,LC4,DNpe021
20967,11573,2,LC4,DNpe021
21165,575082,2,LC4,DNpe021
12032,11573,2,LC4,DNpe021
22922,11573,2,LC4,DNpe021
22966,575082,2,LC4,DNpe021
111787,11573,2,LC4,DNpe021
107513,11573,2,LC4,DNpe021
28945,575082,2,LC4,DNpe021
81112,11573,2,LC4,DNpe021
30480,575082,2,LC4,DNpe021
31429,11573,2,LC4,DNpe021
18929,575082,2,LPLC2,DNpe021
19549,575082,2,LPLC2,DNpe021
20162,575082,2,LPLC2,DNpe021
20694,575082,2,LPLC2,DNpe021
23878,575082,2,LPLC2,DNpe021
37587,11573,1,LC4,DNpe021
35616,11573,1,LC4,DNpe021
35262,11573,1,LC4,DNpe021
32597,11573,1,LC4,DNpe021
31308,11573,1,LC4,DNpe021
31301,11573,1,LC4,DNpe021
29563,575082,1,LC4,DNpe021
28980,11573,1,LC4,DNpe021
27829,11573,1,LC4,DNpe021
26112,575082,1,LC4,DNpe021
100485,11573,1,LC4,DNpe021
23929,575082,1,LC4,DNpe021
23792,575082,1,LC4,DNpe021
23202,11573,1,LC4,DNpe021
23098,575082,1,LC4,DNpe021
21336,575082,1,LC4,DNpe021
21313,575082,1,LC4,DNpe021
21225,575082,1,LC4,DNpe021
17926,575082,1,LC4,DNpe021
17668,575082,1,LC4,DNpe021
17054,575082,1,LC4,DNpe021
511914,11573,1,LC4,DNpe021
16809,11573,1,LC4,DNpe021
16628,575082,1,LC4,DNpe021
514508,11573,1,LC4,DNpe021
515900,11573,1,LC4,DNpe021
518016,11573,1,LC4,DNpe021
518439,11573,1,LC4,DNpe021
535341,11573,1,LC4,DNpe021
28871,575082,1,LPLC2,DNpe021
28003,575082,1,LPLC2,DNpe021
21899,575082,1,LPLC2,DNpe021
21318,575082,1,LPLC2,DNpe021
20749,575082,1,LPLC2,DNpe021
20535,575082,1,LPLC2,DNpe021
20047,575082,1,LPLC2,DNpe021
19034,575082,1,LPLC2,DNpe021
19249,10601,41,LPLC2,DNpe025
19830,10449,32,LPLC2,DNpe025
19549,10601,28,LPLC2,DNpe025
18929,10601,26,LPLC2,DNpe025
11498,10449,25,LPLC2,DNpe025
25267,10601,24,LPLC2,DNpe025
20584,10601,22,LPLC2,DNpe025
517078,10449,20,LPLC2,DNpe025
25286,10449,20,LPLC2,DNpe025
21318,10601,19,LPLC2,DNpe025
19842,10601,19,LPLC2,DNpe025
22677,10601,18,LPLC2,DNpe025
14030,10449,18,LPLC2,DNpe025
20749,10601,18,LPLC2,DNpe025
12384,10449,18,LPLC2,DNpe025
13132,10449,17,LPLC2,DNpe025
13764,10449,16,LPLC2,DNpe025
22218,10601,16,LPLC2,DNpe025
100103,10449,15,LPLC2,DNpe025
21299,10449,15,LPLC2,DNpe025
20240,10449,15,LPLC2,DNpe025
14102,10449,15,LPLC2,DNpe025
24605,10449,14,LPLC2,DNpe025
14465,10601,13,LPLC2,DNpe025
21703,10601,13,LPLC2,DNpe025
30207,10601,13,LPLC2,DNpe025
19146,10601,13,LPLC2,DNpe025
19229,10601,12,LPLC2,DNpe025
17551,10601,12,LPLC2,DNpe025
95241,10449,12,LPLC2,DNpe025
21899,10601,12,LPLC2,DNpe025
20103,10601,11,LPLC2,DNpe025
111903,10449,11,LPLC2,DNpe025
23247,10449,11,LPLC2,DNpe025
514670,10449,11,LPLC2,DNpe025
19608,10601,11,LPLC2,DNpe025
19589,10601,11,LPLC2,DNpe025
17987,10601,10,LC4,DNpe025
17054,10601,10,LC4,DNpe025
13726,10449,10,LPLC2,DNpe025
26730,10601,10,LPLC2,DNpe025
15804,10449,10,LPLC2,DNpe025
21225,10601,9,LC4,DNpe025
17544,10449,9,LPLC2,DNpe025
21361,10449,9,LPLC2,DNpe025
25316,10601,9,LPLC2,DNpe025
19550,10601,8,LC4,DNpe025
81112,10449,8,LC4,DNpe025
518730,10449,8,LC4,DNpe025
34407,10449,8,LPLC2,DNpe025
22253,10449,8,LPLC2,DNpe025
20334,10601,8,LPLC2,DNpe025
20694,10601,8,LPLC2,DNpe025
77614,10449,7,LC4,DNpe025
19034,10601,7,LPLC2,DNpe025
35632,10601,7,LPLC2,DNpe025
27566,10601,7,LPLC2,DNpe025
21862,10601,7,LPLC2,DNpe025
112292,10449,7,LPLC2,DNpe025
30893,10449,7,LPLC2,DNpe025
29598,10601,7,LPLC2,DNpe025
19420,10601,6,LC4,DNpe025
23098,10601,6,LC4,DNpe025
20976,10449,6,LC4,DNpe025
32223,10449,6,LPLC2,DNpe025
18672,10601,6,LPLC2,DNpe025
23349,10449,6,LPLC2,DNpe025
25511,10601,6,LPLC2,DNpe025
21045,10601,6,LPLC2,DNpe025
20329,10449,6,LPLC2,DNpe025
27471,10601,6,LPLC2,DNpe025
27399,10449,6,LPLC2,DNpe025
17774,10449,6,LPLC2,DNpe025
17990,10449,6,LPLC2,DNpe025
517819,10449,6,LPLC2,DNpe025
20967,10449,5,LC4,DNpe025
12349,10449,5,LC4,DNpe025
22922,10449,5,LC4,DNpe025
516909,10449,5,LC4,DNpe025
518983,10449,5,LC4,DNpe025
33137,10449,5,LC4,DNpe025
12824,10449,5,LC4,DNpe025
17548,10601,5,LC4,DNpe025
29873,10601,5,LPLC2,DNpe025
29986,10601,5,LPLC2,DNpe025
23497,10601,5,LPLC2,DNpe025
26416,10449,5,LPLC2,DNpe025
22261,10601,5,LPLC2,DNpe025
515971,10449,5,LPLC2,DNpe025
18900,10449,5,LPLC2,DNpe025
35889,10601,5,LPLC2,DNpe025
17775,10449,5,LPLC2,DNpe025
20572,10449,4,LC4,DNpe025
512366,10449,4,LC4,DNpe025
20859,10449,4,LC4,DNpe025
16138,10601,4,LC4,DNpe025
533129,10449,4,LC4,DNpe025
50287,10601,4,LPLC2,DNpe025
33303,10449,4,LPLC2,DNpe025
18936,10449,4,LPLC2,DNpe025
24187,10601,4,LPLC2,DNpe025
24840,10449,4,LPLC2,DNpe025
25027,10449,4,LPLC2,DNpe025
23590,10601,4,LPLC2,DNpe025
26147,10601,4,LPLC2,DNpe025
25636,10601,4,LPLC2,DNpe025
20047,10601,4,LPLC2,DNpe025
17059,10449,4,LPLC2,DNpe025
19911,10449,4,LPLC2,DNpe025
31563,10449,4,LPLC2,DNpe025
20162,10601,4,LPLC2,DNpe025
30895,10449,4,LPLC2,DNpe025
21808,10601,4,LPLC2,DNpe025
40841,10449,4,LPLC2,DNpe025
28003,10601,4,LPLC2,DNpe025
24523,10449,3,LC4,DNpe025
23202,10449,3,LC4,DNpe025
27750,10449,3,LC4,DNpe025
21313,10601,3,LC4,DNpe025
21151,10601,3,LC4,DNpe025
29514,10449,3,LC4,DNpe025
18478,10449,3,LC4,DNpe025
511914,10449,3,LC4,DNpe025
518544,10449,3,LC4,DNpe025
14888,10449,3,LC4,DNpe025
25497,10601,3,LPLC2,DNpe025
27023,10449,3,LPLC2,DNpe025
28044,10601,3,LPLC2,DNpe025
29014,10601,3,LPLC2,DNpe025
29216,10601,3,LPLC2,DNpe025
29702,10449,3,LPLC2,DNpe025
134521,10449,3,LPLC2,DNpe025
19787,10449,3,LPLC2,DNpe025
34051,10449,3,LPLC2,DNpe025
35680,10601,3,LPLC2,DNpe025
17880,10449,3,LPLC2,DNpe025
35838,10601,3,LPLC2,DNpe025
37431,10601,3,LPLC2,DNpe025
37613,10601,3,LPLC2,DNpe025
517079,10449,3,LPLC2,DNpe025
515900,10449,2,LC4,DNpe025
17608,10449,2,LC4,DNpe025
17668,10601,2,LC4,DNpe025
19794,10601,2,LC4,DNpe025
20917,10601,2,LC4,DNpe025
21165,10601,2,LC4,DNpe025
12032,10449,2,LC4,DNpe025
22772,10449,2,LC4,DNpe025
100485,10449,2,LC4,DNpe025
31262,10601,2,LC4,DNpe025
31429,10449,2,LC4,DNpe025
37587,10449,2,LC4,DNpe025
525844,10449,2,LPLC2,DNpe025
533895,10449,2,LPLC2,DNpe025
20535,10601,2,LPLC2,DNpe025
22557,10449,2,LPLC2,DNpe025
23919,10449,2,LPLC2,DNpe025
24268,10601,2,LPLC2,DNpe025
24308,10449,2,LPLC2,DNpe025
24800,10601,2,LPLC2,DNpe025
25253,10601,2,LPLC2,DNpe025
25524,10449,2,LPLC2,DNpe025
25572,10449,2,LPLC2,DNpe025
25854,10449,2,LPLC2,DNpe025
26393,10601,2,LPLC2,DNpe025
27716,10449,2,LPLC2,DNpe025
28871,10601,2,LPLC2,DNpe025
29287,10601,2,LPLC2,DNpe025
29319,10449,2,LPLC2,DNpe025
29815,10449,2,LPLC2,DNpe025
30512,10449,2,LPLC2,DNpe025
31105,10449,2,LPLC2,DNpe025
31257,10601,2,LPLC2,DNpe025
32737,10449,2,LPLC2,DNpe025
34372,10601,2,LPLC2,DNpe025
34655,10449,2,LPLC2,DNpe025
34681,10601,2,LPLC2,DNpe025
37925,10601,2,LPLC2,DNpe025
38542,10601,2,LPLC2,DNpe025
35616,10449,1,LC4,DNpe025
35262,10449,1,LC4,DNpe025
34845,10449,1,LC4,DNpe025
29469,10449,1,LC4,DNpe025
26112,10601,1,LC4,DNpe025
25584,10601,1,LC4,DNpe025
107513,10449,1,LC4,DNpe025
23392,10601,1,LC4,DNpe025
22966,10601,1,LC4,DNpe025
22194,10601,1,LC4,DNpe025
21721,10449,1,LC4,DNpe025
21336,10601,1,LC4,DNpe025
20808,10601,1,LC4,DNpe025
20673,10601,1,LC4,DNpe025
20282,10601,1,LC4,DNpe025
19954,10601,1,LC4,DNpe025
19260,10601,1,LC4,DNpe025
18189,10601,1,LC4,DNpe025
17926,10601,1,LC4,DNpe025
17653,10449,1,LC4,DNpe025
17478,10449,1,LC4,DNpe025
17340,10449,1,LC4,DNpe025
17266,10601,1,LC4,DNpe025
512705,10449,1,LC4,DNpe025
514508,10449,1,LC4,DNpe025
518016,10449,1,LC4,DNpe025
520449,10449,1,LC4,DNpe025
530029,10449,1,LC4,DNpe025
535341,10449,1,LC4,DNpe025
39620,10601,1,LPLC2,DNpe025
34110,10601,1,LPLC2,DNpe025
33439,10601,1,LPLC2,DNpe025
33396,10601,1,LPLC2,DNpe025
32237,10449,1,LPLC2,DNpe025
30041,10601,1,LPLC2,DNpe025
29391,10601,1,LPLC2,DNpe025
28011,10449,1,LPLC2,DNpe025
27796,10449,1,LPLC2,DNpe025
27355,10449,1,LPLC2,DNpe025
26915,10601,1,LPLC2,DNpe025
25136,10449,1,LPLC2,DNpe025
24568,10449,1,LPLC2,DNpe025
24118,10601,1,LPLC2,DNpe025
23878,10601,1,LPLC2,DNpe025
21769,10601,1,LPLC2,DNpe025
21562,10601,1,LPLC2,DNpe025
20799,10449,1,LPLC2,DNpe025
20182,10601,1,LPLC2,DNpe025
524366,10449,1,LPLC2,DNpe025
531014,10449,1,LPLC2,DNpe025
29753,12218,1,LPLC2,DNpe031
25209,12218,1,LPLC2,DNpe031
525844,12222,1,LPLC2,DNpe031
30893,522345,3,LPLC2,DNpe037
19911,522345,1,LPLC2,DNpe037
531014,522345,1,LPLC2,DNpe037
31105,10091,13,LPLC2,DNpe042
531014,10091,13,LPLC2,DNpe042
29391,12628,12,LPLC2,DNpe042
23919,10091,11,LPLC2,DNpe042
525844,10091,10,LPLC2,DNpe042
29702,10091,10,LPLC2,DNpe042
22261,12628,9,LPLC2,DNpe042
28044,12628,9,LPLC2,DNpe042
33439,12628,9,LPLC2,DNpe042
25286,10091,9,LPLC2,DNpe042
32237,10091,8,LPLC2,DNpe042
518731,10091,8,LPLC2,DNpe042
33694,12628,7,LPLC2,DNpe042
39620,12628,7,LPLC2,DNpe042
24187,12628,7,LPLC2,DNpe042
24268,12628,7,LPLC2,DNpe042
23247,10091,7,LPLC2,DNpe042
19787,10091,7,LPLC2,DNpe042
37925,12628,7,LPLC2,DNpe042
32223,10091,6,LPLC2,DNpe042
19589,12628,6,LPLC2,DNpe042
25572,10091,6,LPLC2,DNpe042
23878,12628,6,LPLC2,DNpe042
29955,10091,6,LPLC2,DNpe042
29287,12628,6,LPLC2,DNpe042
21361,10091,6,LPLC2,DNpe042
30512,10091,6,LPLC2,DNpe042
20269,12628,6,LPLC2,DNpe042
20471,12628,6,LPLC2,DNpe042
536444,10091,6,LPLC2,DNpe042
24308,10091,5,LPLC2,DNpe042
38542,12628,5,LPLC2,DNpe042
50287,12628,5,LPLC2,DNpe042
21808,12628,5,LPLC2,DNpe042
28003,12628,5,LPLC2,DNpe042
28011,10091,5,LPLC2,DNpe042
25316,12628,5,LPLC2,DNpe042
40811,10091,5,LPLC2,DNpe042
524366,10091,5,LPLC2,DNpe042
27355,10091,5,LPLC2,DNpe042
25511,12628,5,LPLC2,DNpe042
34372,12628,5,LPLC2,DNpe042
32737,10091,5,LPLC2,DNpe042
18672,12628,5,LPLC2,DNpe042
26393,12628,4,LPLC2,DNpe042
26528,10091,4,LPLC2,DNpe042
27566,12628,4,LPLC2,DNpe042
515971,10091,4,LPLC2,DNpe042
33396,12628,4,LPLC2,DNpe042
517079,10091,4,LPLC2,DNpe042
34655,10091,4,LPLC2,DNpe042
24401,12628,4,LPLC2,DNpe042
23665,10091,4,LPLC2,DNpe042
129687,10091,4,LPLC2,DNpe042
20799,10091,4,LPLC2,DNpe042
20047,12628,4,LPLC2,DNpe042
19911,10091,4,LPLC2,DNpe042
31563,10091,4,LPLC2,DNpe042
533895,10091,4,LPLC2,DNpe042
19146,12628,4,LPLC2,DNpe042
17544,10091,4,LPLC2,DNpe042
13726,10091,4,LPLC2,DNpe042
100103,10091,3,LPLC2,DNpe042
25636,12628,3,LPLC2,DNpe042
22557,10091,3,LPLC2,DNpe042
21862,12628,3,LPLC2,DNpe042
29319,10091,3,LPLC2,DNpe042
21045,12628,3,LPLC2,DNpe042
29815,10091,3,LPLC2,DNpe042
20329,10091,3,LPLC2,DNpe042
20240,10091,3,LPLC2,DNpe042
19608,12628,3,LPLC2,DNpe042
31988,12628,3,LPLC2,DNpe042
33185,12628,3,LPLC2,DNpe042
33406,10091,3,LPLC2,DNpe042
34407,10091,3,LPLC2,DNpe042
35294,10091,3,LPLC2,DNpe042
35680,12628,3,LPLC2,DNpe042
35838,12628,3,LPLC2,DNpe042
35889,12628,3,LPLC2,DNpe042
55627,12628,3,LPLC2,DNpe042
40841,10091,3,LPLC2,DNpe042
514670,10091,3,LPLC2,DNpe042
41097,10091,3,LPLC2,DNpe042
520764,10091,3,LPLC2,DNpe042
521115,10091,3,LPLC2,DNpe042
17608,10091,2,LC4,DNpe042
14030,10091,2,LPLC2,DNpe042
13764,10091,2,LPLC2,DNpe042
17059,10091,2,LPLC2,DNpe042
19830,10091,2,LPLC2,DNpe042
20103,12628,2,LPLC2,DNpe042
20162,12628,2,LPLC2,DNpe042
20694,12628,2,LPLC2,DNpe042
21562,12628,2,LPLC2,DNpe042
24800,12628,2,LPLC2,DNpe042
26147,12628,2,LPLC2,DNpe042
27023,10091,2,LPLC2,DNpe042
27471,12628,2,LPLC2,DNpe042
27796,10091,2,LPLC2,DNpe042
28741,12628,2,LPLC2,DNpe042
29014,12628,2,LPLC2,DNpe042
29598,12628,2,LPLC2,DNpe042
29753,10091,2,LPLC2,DNpe042
30041,12628,2,LPLC2,DNpe042
31257,12628,2,LPLC2,DNpe042
37431,12628,2,LPLC2,DNpe042
37613,12628,2,LPLC2,DNpe042
518439,10091,1,LC4,DNpe042
35632,12628,1,LPLC2,DNpe042
34681,12628,1,LPLC2,DNpe042
34110,12628,1,LPLC2,DNpe042
34051,10091,1,LPLC2,DNpe042
33303,10091,1,LPLC2,DNpe042
32507,12628,1,LPLC2,DNpe042
30938,12628,1,LPLC2,DNpe042
30207,12628,1,LPLC2,DNpe042
29873,12628,1,LPLC2,DNpe042
28871,12628,1,LPLC2,DNpe042
28188,10091,1,LPLC2,DNpe042
25497,12628,1,LPLC2,DNpe042
25136,10091,1,LPLC2,DNpe042
25027,10091,1,LPLC2,DNpe042
24118,12628,1,LPLC2,DNpe042
23590,12628,1,LPLC2,DNpe042
23497,12628,1,LPLC2,DNpe042
23349,10091,1,LPLC2,DNpe042
22218,12628,1,LPLC2,DNpe042
21769,12628,1,LPLC2,DNpe042
21318,12628,1,LPLC2,DNpe042
21299,10091,1,LPLC2,DNpe042
20749,12628,1,LPLC2,DNpe042
20334,12628,1,LPLC2,DNpe042
20182,12628,1,LPLC2,DNpe042
19229,12628,1,LPLC2,DNpe042
19034,12628,1,LPLC2,DNpe042
517078,10091,1,LPLC2,DNpe042
517819,10091,1,LPLC2,DNpe042
14102,10091,1,LPLC2,DNpe042
25316,11334,13,LPLC2,DNpe045
23919,10931,11,LPLC2,DNpe045
536444,10931,10,LPLC2,DNpe045
34681,11334,10,LPLC2,DNpe045
27023,10931,9,LPLC2,DNpe045
29598,11334,9,LPLC2,DNpe045
31257,11334,8,LPLC2,DNpe045
35889,11334,7,LPLC2,DNpe045
29391,11334,7,LPLC2,DNpe045
31105,10931,6,LPLC2,DNpe045
25253,11334,6,LPLC2,DNpe045
29955,10931,6,LPLC2,DNpe045
21562,11334,6,LPLC2,DNpe045
30512,10931,6,LPLC2,DNpe045
39620,11334,5,LPLC2,DNpe045
29873,11334,5,LPLC2,DNpe045
30893,10931,5,LPLC2,DNpe045
521115,10931,5,LPLC2,DNpe045
37925,11334,5,LPLC2,DNpe045
26393,11334,5,LPLC2,DNpe045
27716,10931,5,LPLC2,DNpe045
34372,11334,5,LPLC2,DNpe045
37431,11334,5,LPLC2,DNpe045
17544,10931,5,LPLC2,DNpe045
24308,10931,4,LPLC2,DNpe045
24268,11334,4,LPLC2,DNpe045
24118,11334,4,LPLC2,DNpe045
34110,11334,4,LPLC2,DNpe045
23590,11334,4,LPLC2,DNpe045
31988,11334,4,LPLC2,DNpe045
134521,10931,4,LPLC2,DNpe045
21769,11334,4,LPLC2,DNpe045
29287,11334,4,LPLC2,DNpe045
22975,11334,3,LC4,DNpe045
24187,11334,3,LPLC2,DNpe045
27566,11334,3,LPLC2,DNpe045
21862,11334,3,LPLC2,DNpe045
30041,11334,3,LPLC2,DNpe045
19911,10931,3,LPLC2,DNpe045
33303,10931,3,LPLC2,DNpe045
33439,11334,3,LPLC2,DNpe045
33965,10931,3,LPLC2,DNpe045
34655,10931,3,LPLC2,DNpe045
37613,11334,3,LPLC2,DNpe045
55627,11334,3,LPLC2,DNpe045
525844,10931,3,LPLC2,DNpe045
15804,10931,3,LPLC2,DNpe045
16809,10931,2,LC4,DNpe045
520764,10931,2,LPLC2,DNpe045
531014,10931,2,LPLC2,DNpe045
19589,11334,2,LPLC2,DNpe045
20269,11334,2,LPLC2,DNpe045
20471,11334,2,LPLC2,DNpe045
20535,11334,2,LPLC2,DNpe045
129687,10931,2,LPLC2,DNpe045
24568,10931,2,LPLC2,DNpe045
24840,10931,2,LPLC2,DNpe045
25497,11334,2,LPLC2,DNpe045
26416,10931,2,LPLC2,DNpe045
26915,11334,2,LPLC2,DNpe045
27399,10931,2,LPLC2,DNpe045
28011,10931,2,LPLC2,DNpe045
28741,11334,2,LPLC2,DNpe045
30895,10931,2,LPLC2,DNpe045
30938,11334,2,LPLC2,DNpe045
32737,10931,2,LPLC2,DNpe045
33185,11334,2,LPLC2,DNpe045
33396,11334,2,LPLC2,DNpe045
33694,11334,2,LPLC2,DNpe045
34051,10931,2,LPLC2,DNpe045
35632,11334,2,LPLC2,DNpe045
38542,11334,2,LPLC2,DNpe045
34845,10931,1,LC4,DNpe045
21313,11334,1,LC4,DNpe045
21287,11334,1,LC4,DNpe045
512366,10931,1,LC4,DNpe045
517752,10931,1,LC4,DNpe045
14888,10931,1,LC4,DNpe045
530029,10931,1,LC4,DNpe045
50287,11334,1,LPLC2,DNpe045
41097,10931,1,LPLC2,DNpe045
35680,11334,1,LPLC2,DNpe045
33406,10931,1,LPLC2,DNpe045
32237,10931,1,LPLC2,DNpe045
31964,11334,1,LPLC2,DNpe045
30207,11334,1,LPLC2,DNpe045
29986,11334,1,LPLC2,DNpe045
29319,10931,1,LPLC2,DNpe045
28044,11334,1,LPLC2,DNpe045
27796,10931,1,LPLC2,DNpe045
27471,11334,1,LPLC2,DNpe045
25511,11334,1,LPLC2,DNpe045
25286,10931,1,LPLC2,DNpe045
25136,10931,1,LPLC2,DNpe045
25027,10931,1,LPLC2,DNpe045
24800,11334,1,LPLC2,DNpe045
24401,11334,1,LPLC2,DNpe045
23497,11334,1,LPLC2,DNpe045
112292,10931,1,LPLC2,DNpe045
22253,10931,1,LPLC2,DNpe045
22218,11334,1,LPLC2,DNpe045
21899,11334,1,LPLC2,DNpe045
20799,10931,1,LPLC2,DNpe045
20749,11334,1,LPLC2,DNpe045
20182,11334,1,LPLC2,DNpe045
20047,11334,1,LPLC2,DNpe045
19830,10931,1,LPLC2,DNpe045
19608,11334,1,LPLC2,DNpe045
19549,11334,1,LPLC2,DNpe045
19034,11334,1,LPLC2,DNpe045
515971,10931,1,LPLC2,DNpe045
518731,10931,1,LPLC2,DNpe045
524366,10931,1,LPLC2,DNpe045
13764,10931,1,LPLC2,DNpe045
13132,10590,10,LPLC2,DNpe052
517078,10590,7,LPLC2,DNpe052
26416,10590,6,LPLC2,DNpe052
19830,10590,6,LPLC2,DNpe052
13764,10590,5,LPLC2,DNpe052
25286,10590,5,LPLC2,DNpe052
15804,10590,5,LPLC2,DNpe052
17990,10590,5,LPLC2,DNpe052
18929,11632,5,LPLC2,DNpe052
111903,10590,4,LPLC2,DNpe052
25524,10590,3,LPLC2,DNpe052
22677,11632,3,LPLC2,DNpe052
27399,10590,3,LPLC2,DNpe052
21899,11632,3,LPLC2,DNpe052
21299,10590,3,LPLC2,DNpe052
12384,10590,3,LPLC2,DNpe052
20240,10590,3,LPLC2,DNpe052
536444,10590,3,LPLC2,DNpe052
515971,10590,3,LPLC2,DNpe052
14465,11632,2,LPLC2,DNpe052
17774,10590,2,LPLC2,DNpe052
17880,10590,2,LPLC2,DNpe052
19034,11632,2,LPLC2,DNpe052
19549,11632,2,LPLC2,DNpe052
20799,10590,2,LPLC2,DNpe052
21703,11632,2,LPLC2,DNpe052
21769,11632,2,LPLC2,DNpe052
22557,10590,2,LPLC2,DNpe052
23349,10590,2,LPLC2,DNpe052
24605,10590,2,LPLC2,DNpe052
25316,11632,2,LPLC2,DNpe052
33303,10590,2,LPLC2,DNpe052
41097,10590,1,LPLC2,DNpe052
35294,10590,1,LPLC2,DNpe052
34407,10590,1,LPLC2,DNpe052
30895,10590,1,LPLC2,DNpe052
29955,10590,1,LPLC2,DNpe052
29815,10590,1,LPLC2,DNpe052
29753,10590,1,LPLC2,DNpe052
29391,11632,1,LPLC2,DNpe052
27023,10590,1,LPLC2,DNpe052
26730,11632,1,LPLC2,DNpe052
26528,10590,1,LPLC2,DNpe052
25854,10590,1,LPLC2,DNpe052
24840,10590,1,LPLC2,DNpe052
23665,10590,1,LPLC2,DNpe052
23247,10590,1,LPLC2,DNpe052
22253,10590,1,LPLC2,DNpe052
21361,10590,1,LPLC2,DNpe052
21318,11632,1,LPLC2,DNpe052
21045,11632,1,LPLC2,DNpe052
129687,10590,1,LPLC2,DNpe052
20694,11632,1,LPLC2,DNpe052
20584,11632,1,LPLC2,DNpe052
134521,10590,1,LPLC2,DNpe052
20162,11632,1,LPLC2,DNpe052
19249,11632,1,LPLC2,DNpe052
17544,10590,1,LPLC2,DNpe052
17059,10590,1,LPLC2,DNpe052
517079,10590,1,LPLC2,DNpe052
518731,10590,1,LPLC2,DNpe052
521115,10590,1,LPLC2,DNpe052
13726,10590,1,LPLC2,DNpe052
531014,10590,1,LPLC2,DNpe052
533895,10590,1,LPLC2,DNpe052
11498,10590,1,LPLC2,DNpe052
29391,10732,26,LPLC2,DNpe056
25136,10223,26,LPLC2,DNpe056
29702,10223,26,LPLC2,DNpe056
32237,10223,24,LPLC2,DNpe056
55627,10732,23,LPLC2,DNpe056
29955,10223,22,LPLC2,DNpe056
28871,10732,22,LPLC2,DNpe056
40811,10223,22,LPLC2,DNpe056
28011,10223,22,LPLC2,DNpe056
30893,10223,22,LPLC2,DNpe056
39620,10732,20,LPLC2,DNpe056
531014,10223,20,LPLC2,DNpe056
34110,10732,20,LPLC2,DNpe056
24268,10732,19,LPLC2,DNpe056
35294,10223,19,LPLC2,DNpe056
27355,10223,19,LPLC2,DNpe056
24187,10732,19,LPLC2,DNpe056
27023,10223,19,LPLC2,DNpe056
25027,10223,18,LPLC2,DNpe056
21562,10732,18,LPLC2,DNpe056
28741,10732,18,LPLC2,DNpe056
19911,10223,18,LPLC2,DNpe056
34655,10223,17,LPLC2,DNpe056
33396,10732,17,LPLC2,DNpe056
25253,10732,17,LPLC2,DNpe056
25209,10223,17,LPLC2,DNpe056
26393,10732,16,LPLC2,DNpe056
31257,10732,16,LPLC2,DNpe056
22557,10223,16,LPLC2,DNpe056
31105,10223,16,LPLC2,DNpe056
24118,10732,16,LPLC2,DNpe056
525844,10223,15,LPLC2,DNpe056
27716,10223,15,LPLC2,DNpe056
29287,10732,15,LPLC2,DNpe056
28188,10223,15,LPLC2,DNpe056
23919,10223,15,LPLC2,DNpe056
33303,10223,15,LPLC2,DNpe056
20471,10732,14,LPLC2,DNpe056
29598,10732,14,LPLC2,DNpe056
23878,10732,14,LPLC2,DNpe056
536444,10223,14,LPLC2,DNpe056
524366,10223,14,LPLC2,DNpe056
33694,10732,14,LPLC2,DNpe056
30041,10732,14,LPLC2,DNpe056
30895,10223,13,LPLC2,DNpe056
31988,10732,13,LPLC2,DNpe056
30938,10732,13,LPLC2,DNpe056
29319,10223,13,LPLC2,DNpe056
33965,10223,13,LPLC2,DNpe056
27796,10223,13,LPLC2,DNpe056
33439,10732,13,LPLC2,DNpe056
37925,10732,13,LPLC2,DNpe056
17544,10223,13,LPLC2,DNpe056
29753,10223,13,LPLC2,DNpe056
29815,10223,12,LPLC2,DNpe056
40841,10223,12,LPLC2,DNpe056
24308,10223,12,LPLC2,DNpe056
26915,10732,12,LPLC2,DNpe056
517079,10223,12,LPLC2,DNpe056
23550,10223,12,LPLC2,DNpe056
21045,10732,11,LPLC2,DNpe056
29183,10732,11,LPLC2,DNpe056
31563,10223,11,LPLC2,DNpe056
29216,10732,11,LPLC2,DNpe056
20162,10732,11,LPLC2,DNpe056
25511,10732,11,LPLC2,DNpe056
26147,10732,11,LPLC2,DNpe056
134521,10223,11,LPLC2,DNpe056
20799,10223,11,LPLC2,DNpe056
28044,10732,11,LPLC2,DNpe056
32223,10223,10,LPLC2,DNpe056
41097,10223,10,LPLC2,DNpe056
38542,10732,10,LPLC2,DNpe056
34407,10223,10,LPLC2,DNpe056
23665,10223,10,LPLC2,DNpe056
25636,10732,10,LPLC2,DNpe056
520764,10223,10,LPLC2,DNpe056
533895,10223,10,LPLC2,DNpe056
22261,10732,9,LPLC2,DNpe056
27399,10223,9,LPLC2,DNpe056
50287,10732,9,LPLC2,DNpe056
34051,10223,9,LPLC2,DNpe056
21862,10732,9,LPLC2,DNpe056
22253,10223,9,LPLC2,DNpe056
25575,10223,9,LPLC2,DNpe056
33185,10732,9,LPLC2,DNpe056
35889,10732,9,LPLC2,DNpe056
15804,10223,9,LPLC2,DNpe056
24401,10732,9,LPLC2,DNpe056
20047,10732,8,LPLC2,DNpe056
25572,10223,8,LPLC2,DNpe056
24800,10732,8,LPLC2,DNpe056
24840,10223,8,LPLC2,DNpe056
32737,10223,8,LPLC2,DNpe056
17880,10223,8,LPLC2,DNpe056
23590,10732,8,LPLC2,DNpe056
26416,10223,8,LPLC2,DNpe056
33406,10223,7,LPLC2,DNpe056
34372,10732,7,LPLC2,DNpe056
32507,10732,7,LPLC2,DNpe056
27471,10732,7,LPLC2,DNpe056
27566,10732,7,LPLC2,DNpe056
25286,10223,7,LPLC2,DNpe056
25524,10223,7,LPLC2,DNpe056
26528,10223,7,LPLC2,DNpe056
23497,10732,7,LPLC2,DNpe056
30207,10732,7,LPLC2,DNpe056
20535,10732,7,LPLC2,DNpe056
19608,10732,7,LPLC2,DNpe056
31964,10732,7,LPLC2,DNpe056
20182,10732,6,LPLC2,DNpe056
19787,10223,6,LPLC2,DNpe056
129687,10223,6,LPLC2,DNpe056
29014,10732,6,LPLC2,DNpe056
35632,10732,6,LPLC2,DNpe056
518731,10223,6,LPLC2,DNpe056
521115,10223,6,LPLC2,DNpe056
12384,10223,5,LPLC2,DNpe056
30512,10223,5,LPLC2,DNpe056
26730,10732,5,LPLC2,DNpe056
517819,10223,5,LPLC2,DNpe056
23247,10223,5,LPLC2,DNpe056
25854,10223,5,LPLC2,DNpe056
35838,10732,5,LPLC2,DNpe056
37431,10732,5,LPLC2,DNpe056
35680,10732,5,LPLC2,DNpe056
19229,10732,5,LPLC2,DNpe056
515971,10223,4,LPLC2,DNpe056
17775,10223,4,LPLC2,DNpe056
25267,10732,4,LPLC2,DNpe056
25316,10732,4,LPLC2,DNpe056
24568,10223,4,LPLC2,DNpe056
34681,10732,4,LPLC2,DNpe056
23349,10223,4,LPLC2,DNpe056
29873,10732,4,LPLC2,DNpe056
37613,10732,4,LPLC2,DNpe056
21808,10732,4,LPLC2,DNpe056
28003,10732,3,LPLC2,DNpe056
21899,10732,3,LPLC2,DNpe056
29986,10732,3,LPLC2,DNpe056
20329,10223,3,LPLC2,DNpe056
20269,10732,3,LPLC2,DNpe056
18900,10223,3,LPLC2,DNpe056
13726,10223,3,LPLC2,DNpe056
16138,10732,2,LC4,DNpe056
17860,10732,2,LC4,DNpe056
14102,10223,2,LPLC2,DNpe056
13764,10223,2,LPLC2,DNpe056
19034,10732,2,LPLC2,DNpe056
20103,10732,2,LPLC2,DNpe056
21299,10223,2,LPLC2,DNpe056
25497,10732,2,LPLC2,DNpe056
23392,10732,1,LC4,DNpe056
16917,10223,1,LC4,DNpe056
515476,10223,1,LC4,DNpe056
111903,10223,1,LPLC2,DNpe056
22677,10732,1,LPLC2,DNpe056
21769,10732,1,LPLC2,DNpe056
20749,10732,1,LPLC2,DNpe056
19842,10732,1,LPLC2,DNpe056
19589,10732,1,LPLC2,DNpe056
18672,10732,1,LPLC2,DNpe056
17990,10223,1,LPLC2,DNpe056
514670,10223,1,LPLC2,DNpe056
14030,10223,1,LPLC2,DNpe056
20440,10030,2,LC4,pIP1
23202,10030,2,LC4,pIP1
77614,10030,1,LC4,pIP1
20967,10030,1,LC4,pIP1
20859,10030,1,LC4,pIP1
19260,10038,1,LC4,pIP1
518983,10030,1,LC4,pIP1
