source_type,target_type,target_neurons,total_weight
LC4,UNKNOWN,58610,113250
LC4,LC4,126,18392
LC4,DNp04,2,11597
LC4,AMMC-A1,6,10767
LC4,,52,7394
LC4,PVLP024,3,6850
LC4,DNp01,2,6362
LC4,PVLP122,6,4534
LC4,DNp02,2,4209
LC4,DNp11,2,3666
LC4,PVLP021,4,3435
LC4,PVLP022,3,2778
LC4,DNp03,2,2507
LC4,AVLP452,4,2471
LC4,AVLP259,4,2295
LC4,CB3513,4,2292
LC4,PVLP010,2,2176
LC4,PVLP130,2,1944
LC4,SAD064,6,1732
LC4,MeLo13,73,1628
LC4,PVLP141,2,1539
LC4,PVLP151,4,1526
LC4,MeLo8,47,1520
LC4,CB3400,2,1419
LC4,DNp05,2,1303
LC4,LoVC16,4,1300
LC4,DNp06,2,1152
LC4,PVLP064,6,1127
LC4,PLP219,4,1075
LC4,PVLP011,2,1011
LC4,DNg40,2,980
LC4,LC14a-1,30,879
LC4,CL323,4,878
LC4,WED125,3,867
LC4,PVLP137,2,855
LC4,PVLP015,2,833
LC4,Li30,10,723
LC4,LT82a,4,716
LC4,CB3201,4,715
LC4,PVLP046,11,693
LC4,LPT60,2,651
LC4,PVLP066,4,650
LC4,LoVP85,2,606
LC4,LC31b,10,586
LC4,CB2371,2,578
LC4,PLP029,2,562
LC4,CB1932,10,557
LC4,SAD023,6,556
LC4,LHAD1g1,2,555
LC4,MeVC25,2,549
LC4,CB3544,2,517
LC4,LT60,2,474
LC4,PVLP019,2,472
LC4,DNp35,2,464
LC4,PLP150,7,464
LC4,AVLP430,2,434
LC4,CL140,2,434
LC4,PVLP123,6,419
LC4,IB114,2,416
LC4,AVLP429,2,409
LC4,CB1498,2,374
LC4,CB4102,7,362
LC4,LPLC2,135,361
LC4,CB1958,4,360
LC4,DNp103,2,335
LC4,PVLP026,2,326
LC4,LT61b,2,307
LC4,PLP034,2,305
LC4,MeVP53,2,304
LC4,LoVP93,11,274
LC4,PVLP120,2,266
LC4,PVLP100,3,260
LC4,LC9,131,255
LC4,CB2664,4,243
LC4,DNpe021,2,227
LC4,PVLP068,4,227
LC4,WED127,3,227
LC4,PLP093,2,222
LC4,DNpe025,2,221
LC4,CB4103,6,212
LC4,AVLP094,2,200
LC4,SAD013,2,198
LC4,LPLC1,95,188
LC4,LT35,2,174
LC4,WED116,1,164
LC4,CB1280,2,155
LC4,GNG300,2,144
LC4,Li25,66,141
LC4,LT82b,2,139
LC4,TmY18,121,135
LC4,AVLP149,7,134
LC4,SAD011,3,131
LC4,LC17,98,130
LC4,MeLo12,43,130
LC4,LC10a,93,126
LC4,LAL026_a,1,124
LC4,AVLP126,6,121
LC4,CL128a,4,121
LC4,LC12,89,119
LC4,AVLP339,2,117
LC4,LAL300m,4,117
LC4,LC10d,63,116
LC4,TmY19b,33,116
LC4,AVLP016,2,115
LC4,MeLo14,34,112
LC4,SAD049,2,108
LC4,LC23,10,107
LC4,AVLP610,2,105
LC4,Li17,21,103
LC4,LT66,2,102
LC4,SAD055,2,99
LC4,LC11,70,97
LC4,MeLo10,47,95
LC4,Tm4,86,95
LC4,PLP106,4,89
LC4,PVLP031,4,88
LC4,Li14,65,87
LC4,CB4179,5,86
LC4,Tm24,63,79
LC4,TmY3,70,78
LC4,LC18,60,77
LC4,PVLP124,2,70
LC4,T2,61,69
LC4,Y14,48,68
LC4,CB0738,1,64
LC4,LPLC4,40,64
LC4,TmY15,56,63
LC4,AOTU034,2,62
LC4,LC21,41,62
LC4,Li26,31,62
LC4,PVLP017,2,62
LC4,Tm3,54,62
LC4,LC31a,27,60
LC4,T2a,53,59
LC4,PLP060,2,57
LC4,PVLP018,2,57
LC4,CB2940,2,55
LC4,LAL053,1,55
LC4,LLPC1,43,55
LC4,Tm6,49,53
LC4,CB4101,6,52
LC4,Tm5Y,46,52
LC4,Tm20,46,51
LC4,AVLP320_b,2,50
LC4,MeLo9,31,50
LC4,PVLP025,4,50
LC4,Tm37,44,50
LC4,LC22,28,49
LC4,PVLP112,3,49
LC4,Li15,24,47
LC4,TmY19a,29,46
LC4,AVLP202,2,45
LC4,PS306,2,45
LC4,PVLP093,2,44
LC4,TmY5a,38,44
LC4,LLPC2,37,43
LC4,TmY16,32,43
LC4,LAL026_b,1,42
LC4,Li21,29,42
LC4,SAD014,4,42
LC4,PLP018,3,40
LC4,PVLP027,2,40
LC4,LC15,29,38
LC4,MeLo2,29,38
LC4,PVLP094,2,38
LC4,LAL301m,2,37
LC4,LoVP53,2,37
LC4,MeLo11,24,37
LC4,Y3,14,36
LC4,AOTU032,2,35
LC4,SAD106,2,35
LC4,LC14b,21,34
LC4,LC16,31,34
LC4,LT40,2,34
LC4,PLP099,2,34
LC4,DNp69,2,33
LC4,LoVP50,6,33
LC4,CB1638,4,32
LC4,LT74,6,31
LC4,LoVP18,10,31
LC4,DNb05,2,30
LC4,LC13,24,30
LC4,LOLP1,21,30
LC4,LT56,2,30
LC4,Li39,2,30
LC4,LC35a,10,29
LC4,Li38,2,29
LC4,LC6,26,28
LC4,LoVC15,6,28
LC4,TmY21,23,28
LC4,CB4180,1,27
LC4,LLPC3,25,27
LC4,PLP256,2,27
LC4,TmY17,10,27
LC4,LT87,2,26
LC4,LoVC14,2,26
LC4,LoVCLo3,2,26
LC4,SAD098,1,26
LC4,T3,21,26
LC4,Tlp14,22,26
LC4,CL022_b,2,25
LC4,LC29,19,25
LC4,PVLP127,2,25
LC4,Tlp12,17,25
LC4,AVLP152,2,24
LC4,AVLP204,3,24
LC4,AVLP711m,1,24
LC4,CB0414,1,24
LC4,CB4176,7,24
LC4,LoVP26,7,24
LC4,Tm12,22,24
LC4,CB3302,2,23
LC4,Li28,6,23
LC4,LoVC7,2,23
LC4,PVLP013,1,23
LC4,WED109,1,23
LC4,AN08B010,2,22
LC4,LT51,13,22
LC4,PVLP065,2,22
LC4,PVLP113,3,22
LC4,LT41,2,21
LC4,Li11b,4,21
LC4,Li29,7,21
LC4,Li32,2,21
LC4,WED193,1,21
LC4,Y11,15,21
LC4,ANXXX109,2,20
LC4,AVLP203_c,2,20
LC4,Li11a,4,20
LC4,PVLP028,3,20
LC4,PVLP111,7,20
LC4,LT1d,2,19
LC4,LT61a,2,19
LC4,LoVP54,2,19
LC4,PLP300m,3,19
LC4,Y13,14,19
LC4,CB4118,5,18
LC4,LT1a,2,18
LC4,Li23,13,18
LC4,Li33,2,18
LC4,PLP249,2,18
LC4,AVLP542,2,17
LC4,DNp70,2,17
LC4,LT62,2,17
LC4,PLP211,2,17
LC4,SAD053,2,17
LC4,Tlp11,10,17
LC4,Tlp13,12,17
LC4,Tm5c,16,17
LC4,TmY13,16,17
LC4,WED060,2,17
LC4,WED124,2,17
LC4,CB2676,2,16
LC4,LT83,2,16
LC4,TmY20,5,16
LC4,AVLP258,2,15
LC4,CB4163,1,15
LC4,MeVC23,2,15
LC4,PVLP071,4,15
LC4,TmY14,14,15
LC4,CB1314,5,14
LC4,CB1717,2,14
LC4,WED029,2,14
LC4,LC28,12,13
LC4,LT77,5,13
LC4,Li27,10,13
LC4,WED015,3,13
LC4,WED046,2,13
LC4,Y12,12,13
LC4,CB3879,2,12
LC4,DNpe045,2,12
LC4,LT11,2,12
LC4,LT1c,2,12
LC4,LT73,2,12
LC4,M_spPN4t9,1,12
LC4,OCG06,2,12
LC4,PLP241,1,12
LC4,PS001,1,12
LC4,SAD073,3,12
LC4,Tm16,10,12
LC4,TmY10,11,12
LC4,CB4248,4,11
LC4,CL367,2,11
LC4,DNp42,2,11
LC4,GNG343,2,11
LC4,PS002,3,11
LC4,PVLP062,2,11
LC4,T5c,8,11
LC4,AVLP201,2,10
LC4,CB4162,2,10
LC4,LT1b,2,10
LC4,LT52,7,10
LC4,Li22,9,10
LC4,LoVC13,2,10
LC4,LoVP92,5,10
LC4,LoVP99,2,10
LC4,OA-AL2i2,4,10
LC4,AN10B019,3,9
LC4,AVLP531,1,9
LC4,CB3376,3,9
LC4,DNp27,2,9
LC4,DNp66,1,9
LC4,GNG340,1,9
LC4,LC43,2,9
LC4,Li16,4,9
LC4,PLP190,1,9
LC4,PS038,5,9
LC4,PVLP076,2,9
LC4,Tm30,8,9
LC4,Tm39,8,9
LC4,WED107,2,9
LC4,pIP1,2,9
LC4,AVLP500,2,8
LC4,CB2254,1,8
LC4,CB3682,1,8
LC4,DNge054,2,8
LC4,LC36,5,8
LC4,Li34a,7,8
LC4,LoVP1,7,8
LC4,MeVCMe1,4,8
LC4,PLP208,2,8
LC4,T5b,7,8
LC4,Tm23,7,8
LC4,Tm5b,8,8
LC4,TmY4,7,8
LC4,TmY9a,7,8
LC4,WED106,3,8
LC4,AVLP085,1,7
LC4,AVLP203_b,2,7
LC4,CB1557,1,7
LC4,DNpe056,2,7
LC4,LC39a,2,7
LC4,LT39,1,7
LC4,LT54,2,7
LC4,LoVP109,1,7
LC4,MeTu1,7,7
LC4,PVLP046_unclear,1,7
LC4,PVLP096,1,7
LC4,PVLP128,3,7
LC4,SAD044,2,7
LC4,T5a,6,7
LC4,AN07B004,2,6
LC4,AVLP476,1,6
LC4,CL303,1,6
LC4,LC20a,5,6
LC4,MeTu3c,6,6
LC4,PPM1203,1,6
LC4,PS182,2,6
LC4,PVLP074,1,6
LC4,T5d,5,6
LC4,WED047,1,6
LC4,WED061,2,6
LC4,AN17B013,2,5
LC4,AVLP205,1,5
LC4,AVLP536,2,5
LC4,DNp47,1,5
LC4,LC10b,5,5
LC4,LC27,5,5
LC4,LT37,2,5
LC4,LT78,4,5
LC4,Li_unclear,2,5
LC4,PVLP034,2,5
LC4,PVLP061,1,5
LC4,SAD021_a,1,5
LC4,Tm29,5,5
LC4,Tm5a,5,5
LC4,WED189,1,5
LC4,AVLP093,2,4
LC4,AVLP479,2,4
LC4,AVLP605,1,4
LC4,AVLP746m,1,4
LC4,CB4245,1,4
LC4,DNp07,1,4
LC4,DNp30,2,4
LC4,LC14a-2,4,4
LC4,LLPC_unclear,1,4
LC4,LT42,1,4
LC4,LT80,2,4
LC4,Li31,2,4
LC4,Li34b,4,4
LC4,LoVC18,1,4
LC4,LoVC21,2,4
LC4,LoVC22,3,4
LC4,LoVP108,2,4
LC4,OA-VUMa4,2,4
LC4,PVLP085,1,4
LC4,PVLP126_b,2,4
LC4,PVLP201m_a,1,4
LC4,Tm2,4,4
LC4,Tm33,4,4
LC4,Tm38,4,4
LC4,WED072,3,4
LC4,WED104,1,4
LC4,WED117,2,4
LC4,AN09B023,1,3
LC4,AVLP083,1,3
LC4,AVLP109,1,3
LC4,AVLP396,1,3
LC4,AVLP593,1,3
LC4,CB1934,1,3
LC4,CB1948,2,3
LC4,CL022_c,2,3
LC4,CL066,1,3
LC4,DNpe042,1,3
LC4,GNG517,1,3
LC4,LC10c-2,3,3
LC4,LC20b,3,3
LC4,LC25,3,3
LC4,LC26,3,3
LC4,LC35b,1,3
LC4,LT47,2,3
LC4,LT65,2,3
LC4,LT81,2,3
LC4,Li13,3,3
LC4,Li18b,3,3
LC4,Li19,3,3
LC4,LoVP101,1,3
LC4,MeTu4a,3,3
LC4,OA-AL2i1,2,3
LC4,OA-ASM1,3,3
LC4,PLP017,1,3
LC4,PVLP036,3,3
LC4,PVLP069,2,3
LC4,Tm26,3,3
LC4,Tm36,3,3
LC4,TmY9b,3,3
LC4,WED119,2,3
LC4,5-HTPMPV03,2,2
LC4,AN17B005,1,2
LC4,AN27X011,1,2
LC4,AVLP502,1,2
LC4,AVLP594,2,2
LC4,AVLP609,1,2
LC4,Am1,1,2
LC4,CB0115,2,2
LC4,CB0154,1,2
LC4,CB0206,1,2
LC4,CB0440,1,2
LC4,CB2153,1,2
LC4,DNc02,1,2
LC4,DNp55,1,2
LC4,DNp71,1,2
LC4,LC10e,2,2
LC4,LC19,2,2
LC4,LC24,2,2
LC4,LC39b,1,2
LC4,LPT29,2,2
LC4,LPT31,2,2
LC4,LPT53,1,2
LC4,LT64,2,2
LC4,LT79,2,2
LC4,LT85,2,2
LC4,LT88,1,2
LC4,Li37,2,2
LC4,LoVC1,1,2
LC4,LoVC17,2,2
LC4,LoVC29,2,2
LC4,LoVC6,2,2
LC4,LoVP102,1,2
LC4,LoVP106,1,2
LC4,LoVP43,2,2
LC4,MeTu4c,2,2
LC4,OCG02b,2,2
LC4,PLP074,1,2
LC4,PLP301m,1,2
LC4,PS112,1,2
LC4,PS180,1,2
LC4,PS181,1,2
LC4,PVLP014,1,2
LC4,PVLP037,2,2
LC4,VES023,1,2
LC4,WED166_d,2,2
LC4,WED196,1,2
LC4,Y_unclear,1,2
LC4,AN01A055,1,1
LC4,AN09A005,1,1
LC4,AN09B016,1,1
LC4,AOTU065,1,1
LC4,AVLP076,1,1
LC4,AVLP120,1,1
LC4,AVLP280,1,1
LC4,AVLP299_d,1,1
LC4,AVLP340,1,1
LC4,AVLP342,1,1
LC4,AVLP410,1,1
LC4,AVLP451,1,1
LC4,AVLP490,1,1
LC4,AVLP501,1,1
LC4,AVLP543,1,1
LC4,AVLP572,1,1
LC4,AVLP601,1,1
LC4,AVLP762m,1,1
LC4,CB1649,1,1
LC4,CB3024,1,1
LC4,CB3588,1,1
LC4,CB4167,1,1
LC4,CL001,1,1
LC4,CL022_a,1,1
LC4,CL053,1,1
LC4,CL286,1,1
LC4,CL309,1,1
LC4,GNG506,1,1
LC4,LC10c-1,1,1
LC4,LC30,1,1
LC4,LC33,1,1
LC4,LC34,1,1
LC4,LC37,1,1
LC4,LC40,1,1
LC4,LOP_LO_unclear,1,1
LC4,LO_ME_unclear,1,1
LC4,LO_unclear,1,1
LC4,LPC1,1,1
LC4,LPT30,1,1
LC4,LT33,1,1
LC4,LT36,1,1
LC4,LT63,1,1
LC4,LT70,1,1
LC4,Li18a,1,1
LC4,Li20,1,1
LC4,LoVC11,1,1
LC4,LoVC25,1,1
LC4,LoVC3,1,1
LC4,LoVCLo1,1,1
LC4,LoVP107,1,1
LC4,LoVP2,1,1
LC4,LoVP25,1,1
LC4,LoVP33,1,1
LC4,LoVP35,1,1
LC4,LoVP39,1,1
LC4,LoVP4,1,1
LC4,LoVP51,1,1
LC4,LoVP89,1,1
LC4,ME_unclear,1,1
LC4,MeLo1,1,1
LC4,MeLo4,1,1
LC4,MeLo7,1,1
LC4,MeTu2a,1,1
LC4,MeTu3a,1,1
LC4,MeVC21,1,1
LC4,MeVC22,1,1
LC4,MeVP17,1,1
LC4,MeVP18,1,1
LC4,MeVP5,1,1
LC4,MeVPLo1,1,1
LC4,MeVPOL1,1,1
LC4,OA-AL2i3,1,1
LC4,OLVC5,1,1
LC4,PLP019,1,1
LC4,PLP209,1,1
LC4,PLP230,1,1
LC4,PS304,1,1
LC4,PVLP086,1,1
LC4,PVLP126_a,1,1
LC4,PVLP201m_d,1,1
LC4,PVLP207m,1,1
LC4,PVLP216m,1,1
LC4,Pm7_Li28,1,1
LC4,Tm31,1,1
LC4,Tm32,1,1
LC4,Tm34,1,1
LC4,Tm40,1,1
LC4,Tm9,1,1
LC4,WED069,1,1
LC4,WED187,1,1
LC4,dCal1,1,1
LPLC2,UNKNOWN,68960,156974
LPLC2,LPLC2,185,46178
LPLC2,PVLP111,9,12866
LPLC2,PVLP011,2,11623
LPLC2,PVLP069,2,9053
LPLC2,,77,7240
LPLC2,PVLP151,4,6771
LPLC2,DNp103,2,5065
LPLC2,AVLP479,4,4979
LPLC2,DNp01,2,4862
LPLC2,AVLP531,2,4635
LPLC2,LPLC4,97,3476
LPLC2,PVLP071,4,3463
LPLC2,DNp04,2,3398
LPLC2,DNg40,2,2998
LPLC2,LC4,126,2902
LPLC2,AVLP500,2,2718
LPLC2,PVLP130,2,2601
LPLC2,LHAD1g1,2,2049
LPLC2,LC31b,10,1785
LPLC2,DNp06,2,1719
LPLC2,LT56,2,1701
LPLC2,DNpe056,2,1619
LPLC2,PVLP076,2,1338
LPLC2,AVLP340,2,1234
LPLC2,DNp71,2,1195
LPLC2,PVLP112,5,1182
LPLC2,PVLP120,2,1104
LPLC2,DNpe025,2,1078
LPLC2,MeLo13,70,1015
LPLC2,PVLP122,6,972
LPLC2,AVLP396,2,922
LPLC2,DNp35,2,920
LPLC2,TmY13,319,920
LPLC2,CB1852,5,897
LPLC2,PVLP022,3,874
LPLC2,AVLP258,2,796
LPLC2,LPC1,194,712
LPLC2,PVLP093,2,704
LPLC2,PVLP074,4,701
LPLC2,PVLP073,5,674
LPLC2,GNG300,2,633
LPLC2,Y3,314,615
LPLC2,CL323,4,606
LPLC2,PVLP017,2,593
LPLC2,MeVC25,2,585
LPLC2,CB4163,6,566
LPLC2,IB114,2,545
LPLC2,PLP219,4,530
LPLC2,PVLP206m,4,524
LPLC2,DNpe042,2,522
LPLC2,AVLP259,4,477
LPLC2,AVLP711m,5,460
LPLC2,PVLP123,9,457
LPLC2,TmY17,197,442
LPLC2,TmY5a,307,392
LPLC2,AMMC-A1,6,378
LPLC2,LLPC2,158,369
LPLC2,PVLP137,2,324
LPLC2,DNpe045,2,322
LPLC2,LLPC1,162,313
LPLC2,TmY21,178,276
LPLC2,LPLC1,107,270
LPLC2,LC14a-1,30,253
LPLC2,LC12,124,224
LPLC2,LoVP93,12,219
LPLC2,LT51,17,216
LPLC2,CL140,2,209
LPLC2,AVLP370_a,2,208
LPLC2,LoVP54,2,201
LPLC2,PVLP150,2,199
LPLC2,AVLP176_d,4,198
LPLC2,Tm5Y,161,197
LPLC2,CB1688,2,186
LPLC2,PVLP015,2,185
LPLC2,LoVP26,12,184
LPLC2,PVLP070,4,183
LPLC2,LLPC3,111,179
LPLC2,AVLP169,2,178
LPLC2,TmY18,159,177
LPLC2,CB4162,4,174
LPLC2,AVLP078,2,170
LPLC2,SAD013,2,165
LPLC2,DNp55,2,160
LPLC2,LoVCLo3,2,159
LPLC2,PLP163,2,159
LPLC2,TmY20,105,159
LPLC2,PLP211,2,155
LPLC2,PVLP072,6,149
LPLC2,Tm24,93,148
LPLC2,AVLP430,2,145
LPLC2,DNpe052,2,145
LPLC2,T5d,120,145
LPLC2,Tm16,92,143
LPLC2,WED061,4,139
LPLC2,OA-VUMa4,2,138
LPLC2,SAD023,5,137
LPLC2,Tm4,115,137
LPLC2,Tm37,111,135
LPLC2,CB3513,4,134
LPLC2,LC9,84,134
LPLC2,vCal3,2,131
LPLC2,LPi43,48,129
LPLC2,AVLP316,3,125
LPLC2,AVLP153,2,124
LPLC2,AVLP331a,1,124
LPLC2,CB0115,6,124
LPLC2,LC31a,28,124
LPLC2,Y11,73,122
LPLC2,MeLo8,40,121
LPLC2,TmY4,97,121
LPLC2,PVLP110,2,118
LPLC2,LPC2,73,115
LPLC2,TmY16,68,115
LPLC2,LPT50,2,113
LPLC2,Li17,22,112
LPLC2,SAD064,4,112
LPLC2,T5c,100,112
LPLC2,DNp09,2,111
LPLC2,DNp70,2,104
LPLC2,Tlp11,48,104
LPLC2,TmY14,85,104
LPLC2,TmY3,93,104
LPLC2,AVLP517,2,101
LPLC2,AVLP592,2,100
LPLC2,H2,2,99
LPLC2,LC10a,71,98
LPLC2,LOLP1,44,98
LPLC2,T4d,78,93
LPLC2,CB1638,3,92
LPLC2,Tlp13,52,91
LPLC2,LC14b,27,90
LPLC2,PVLP028,4,89
LPLC2,PVLP148,4,89
LPLC2,T4c,80,89
LPLC2,LoVP53,2,87
LPLC2,TmY15,68,83
LPLC2,WED104,2,83
LPLC2,Li34a,41,79
LPLC2,LC22,34,78
LPLC2,PVLP034,9,78
LPLC2,LAL016,1,77
LPLC2,LC17,63,77
LPLC2,CB0929,5,76
LPLC2,Li14,48,75
LPLC2,DNp11,2,71
LPLC2,Tlp12,42,69
LPLC2,LT82a,4,68
LPLC2,Y13,48,68
LPLC2,WED060,4,67
LPLC2,LPi2d,33,66
LPLC2,MeLo2,54,66
LPLC2,LPT26,2,65
LPLC2,PVLP068,4,65
LPLC2,TmY9a,58,65
LPLC2,PVLP106,2,64
LPLC2,VS,13,64
LPLC2,Y12,46,64
LPLC2,DNge054,2,63
LPLC2,Tm30,35,62
LPLC2,LC11,45,60
LPLC2,CB3019,3,59
LPLC2,LC13,46,59
LPLC2,LoVP92,8,59
LPLC2,Tm20,55,59
LPLC2,LAL301m,2,58
LPLC2,LPi2e,45,58
LPLC2,T5b,53,58
LPLC2,PVLP019,1,57
LPLC2,PVLP026,2,57
LPLC2,LPi21,2,56
LPLC2,PVLP075,1,56
LPLC2,LPT23,6,54
LPLC2,CL022_b,2,53
LPLC2,AVLP429,2,52
LPLC2,LC19,12,52
LPLC2,LPi34,33,52
LPLC2,Li22,45,52
LPLC2,PVLP013,2,52
LPLC2,PVLP024,3,52
LPLC2,TmY19b,24,52
LPLC2,DNpe021,1,51
LPLC2,LC35a,10,51
LPLC2,LPT22,2,50
LPLC2,Li26,24,50
LPLC2,CB4101,1,49
LPLC2,LPi3412,39,49
LPLC2,Tm5c,44,49
LPLC2,LPi2c,30,48
LPLC2,LPi12,4,47
LPLC2,LPi3b,28,47
LPLC2,Li19,24,47
LPLC2,Li21,33,47
LPLC2,Li39,2,47
LPLC2,T5a,41,47
LPLC2,Tlp14,29,47
LPLC2,PVLP114,1,46
LPLC2,PVLP141,2,46
LPLC2,SAD014,4,46
LPLC2,T4a,43,46
LPLC2,TmY10,31,46
LPLC2,CL213,2,45
LPLC2,LC16,35,45
LPLC2,LC6,34,45
LPLC2,OA-AL2i2,4,45
LPLC2,CL053,2,44
LPLC2,LPi3a,33,44
LPLC2,MeVP18,6,44
LPLC2,PVLP139,2,43
LPLC2,T4b,41,43
LPLC2,LC20b,18,42
LPLC2,LT82b,2,41
LPLC2,AVLP538,2,40
LPLC2,SAD049,2,40
LPLC2,AVLP339,2,39
LPLC2,DNp05,2,39
LPLC2,PVLP027,2,39
LPLC2,PVLP213m,3,39
LPLC2,LC15,24,38
LPLC2,Li16,4,38
LPLC2,PVLP021,4,37
LPLC2,Tm5b,32,37
LPLC2,AVLP205,3,36
LPLC2,DNp27,2,36
LPLC2,Y14,28,36
LPLC2,LPi4b,2,35
LPLC2,LT66,2,35
LPLC2,Li23,26,35
LPLC2,Li25,28,35
LPLC2,LoVC16,4,35
LPLC2,TmY9b,33,35
LPLC2,AOTU034,2,34
LPLC2,MeLo10,25,34
LPLC2,PS181,2,34
LPLC2,Tm33,28,34
LPLC2,TmY19a,20,34
LPLC2,PVLP010,2,32
LPLC2,Tm3,24,32
LPLC2,AVLP080,2,31
LPLC2,LT74,6,31
LPLC2,LoVP85,2,31
LPLC2,Tm36,22,31
LPLC2,AVLP204,2,30
LPLC2,Li30,10,30
LPLC2,MeVCMe1,4,30
LPLC2,PVLP014,2,30
LPLC2,Tm6,29,30
LPLC2,CB2371,1,29
LPLC2,PVLP025,3,28
LPLC2,PVLP124,2,28
LPLC2,PVLP209m,5,28
LPLC2,LC10d,25,27
LPLC2,LC21,22,27
LPLC2,HSN,2,26
LPLC2,LC28,20,26
LPLC2,CL286,2,25
LPLC2,LT73,3,25
LPLC2,AVLP132,1,24
LPLC2,AVLP577,2,24
LPLC2,CB3400,2,24
LPLC2,CB4168,2,24
LPLC2,H1,2,24
LPLC2,LPT114,15,24
LPLC2,LT61b,2,24
LPLC2,Li13,22,24
LPLC2,LoVP25,3,24
LPLC2,PLP230,1,24
LPLC2,PVLP126_a,2,24
LPLC2,Am1,2,23
LPLC2,CB2940,2,23
LPLC2,LC10b,15,23
LPLC2,AVLP746m,2,22
LPLC2,LC29,13,22
LPLC2,Li34b,16,22
LPLC2,MeLo9,16,22
LPLC2,PVLP064,5,22
LPLC2,SAD073,1,22
LPLC2,Tm39,19,22
LPLC2,WED015,4,22
LPLC2,WED072,5,22
LPLC2,CB2254,1,21
LPLC2,LC23,7,21
LPLC2,LPT60,2,21
LPLC2,LoVC18,4,21
LPLC2,Nod2,2,20
LPLC2,Tm12,18,20
LPLC2,AOTU032,2,19
LPLC2,AVLP203_a,2,19
LPLC2,DNp69,2,19
LPLC2,LAL300m,1,19
LPLC2,MeLo14,16,19
LPLC2,OA-AL2i1,2,19
LPLC2,OA-ASM1,4,19
LPLC2,PVLP046,10,19
LPLC2,PVLP061,2,19
LPLC2,PVLP066,4,19
LPLC2,VSm,4,19
LPLC2,AVLP203_c,2,18
LPLC2,LPT111,16,18
LPLC2,LPT59,2,18
LPLC2,LT52,9,18
LPLC2,LoVP23,4,18
LPLC2,AVLP591,2,17
LPLC2,LC18,12,17
LPLC2,LPi4a,10,17
LPLC2,LT61a,2,17
LPLC2,LoVP109,1,17
LPLC2,T2,17,17
LPLC2,Tm26,14,17
LPLC2,CB0431,1,16
LPLC2,DCH,2,16
LPLC2,Li20,12,16
LPLC2,Li31,2,16
LPLC2,Li32,2,16
LPLC2,MeLo12,13,16
LPLC2,PVLP012,2,16
LPLC2,PVLP031,4,16
LPLC2,PVLP097,4,16
LPLC2,PVLP135,3,16
LPLC2,T2a,15,16
LPLC2,AVLP201,2,15
LPLC2,CB0414,1,15
LPLC2,LAL047,1,15
LPLC2,LC24,13,15
LPLC2,PS357,3,15
LPLC2,Tm29,14,15
LPLC2,CB0128,1,14
LPLC2,CB3544,2,14
LPLC2,HSE,2,14
LPLC2,Li33,2,14
LPLC2,PVLP126_b,1,14
LPLC2,CB1932,4,13
LPLC2,CB4102,2,13
LPLC2,LT62,2,13
LPLC2,LT77,6,13
LPLC2,LoVC22,4,13
LPLC2,MeVP51,2,13
LPLC2,PVLP128,4,13
LPLC2,Tm5a,13,13
LPLC2,WED029,3,13
LPLC2,5-HTPMPV03,2,12
LPLC2,AVLP076,2,12
LPLC2,CB4116,1,12
LPLC2,LC10c-1,11,12
LPLC2,LPT29,2,12
LPLC2,LT79,2,12
LPLC2,Li15,8,12
LPLC2,AVLP126,4,11
LPLC2,AVLP490,3,11
LPLC2,AVLP509,2,11
LPLC2,AVLP537,2,11
LPLC2,LC20a,10,11
LPLC2,LC39a,3,11
LPLC2,LHAV2b4,6,11
LPLC2,LPT100,11,11
LPLC2,LPT31,6,11
LPLC2,LT1d,2,11
LPLC2,Li11b,4,11
LPLC2,Li27,6,11
LPLC2,Li38,2,11
LPLC2,MeLo11,10,11
LPLC2,MeVC23,2,11
LPLC2,PLP060,1,11
LPLC2,VCH,2,11
LPLC2,AVLP203_b,2,10
LPLC2,HSS,2,10
LPLC2,LC10e,5,10
LPLC2,LC35b,2,10
LPLC2,LC39b,2,10
LPLC2,LPT21,2,10
LPLC2,LPT28,2,10
LPLC2,LT11,2,10
LPLC2,LT60,2,10
LPLC2,LT83,2,10
LPLC2,Li11a,3,10
LPLC2,LoVP50,5,10
LPLC2,Nod3,2,10
LPLC2,Nod5,2,10
LPLC2,PLP093,1,10
LPLC2,PVLP144,2,10
LPLC2,Tm38,6,10
LPLC2,AVLP040,2,9
LPLC2,AVLP079,1,9
LPLC2,AVLP609,1,9
LPLC2,CB4179,4,9
LPLC2,LAL026_a,2,9
LPLC2,LT58,2,9
LPLC2,LT78,6,9
LPLC2,LT88,2,9
LPLC2,LoVC15,5,9
LPLC2,Nod1,4,9
LPLC2,Nod4,2,9
LPLC2,PVLP037,2,9
LPLC2,PVLP216m,3,9
LPLC2,AVLP610,2,8
LPLC2,CB1108,1,8
LPLC2,CB2472,3,8
LPLC2,CB4170,2,8
LPLC2,LT39,2,8
LPLC2,Li12,4,8
LPLC2,LoVP68,2,8
LPLC2,PLP018,2,8
LPLC2,PVLP018,1,8
LPLC2,T3,7,8
LPLC2,VST2,4,8
LPLC2,AVLP320_b,2,7
LPLC2,AVLP476,1,7
LPLC2,CL367,1,7
LPLC2,LC10c-2,7,7
LPLC2,LC33,4,7
LPLC2,LT36,1,7
LPLC2,LT63,3,7
LPLC2,LoVC1,2,7
LPLC2,ME_unclear,1,7
LPLC2,MeVPOL1,2,7
LPLC2,OLVC2,2,7
LPLC2,PLP017,1,7
LPLC2,PLP059,2,7
LPLC2,PVLP062,2,7
LPLC2,Tm32,7,7
LPLC2,WED108,1,7
LPLC2,AVLP200,1,6
LPLC2,AVLP292,1,6
LPLC2,AVLP452,3,6
LPLC2,AVLP708m,1,6
LPLC2,CB1908,2,6
LPLC2,LPT112,5,6
LPLC2,LPT49,2,6
LPLC2,LPT52,2,6
LPLC2,LPi2b,2,6
LPLC2,LT1c,2,6
LPLC2,LT35,2,6
LPLC2,LT40,2,6
LPLC2,LT75,2,6
LPLC2,LT87,2,6
LPLC2,LoVP1,6,6
LPLC2,LoVP2,4,6
LPLC2,LoVP24,4,6
LPLC2,MeVPLp1,2,6
LPLC2,PVLP080_a,2,6
LPLC2,PVLP080_b,3,6
LPLC2,Tm40,6,6
LPLC2,WED046,1,6
LPLC2,WED118,1,6
LPLC2,5-HTPLP01,2,5
LPLC2,AVLP285,1,5
LPLC2,AVLP437,2,5
LPLC2,AVLP543,1,5
LPLC2,CB1139,1,5
LPLC2,CL038,2,5
LPLC2,DNp02,1,5
LPLC2,DNpe037,1,5
LPLC2,LC25,5,5
LPLC2,LC30,3,5
LPLC2,LC36,4,5
LPLC2,LC37,4,5
LPLC2,LPT101,4,5
LPLC2,LPT113,5,5
LPLC2,LPT30,2,5
LPLC2,LT80,3,5
LPLC2,Li29,4,5
LPLC2,LoVP101,2,5
LPLC2,LoVP18,5,5
LPLC2,LoVP27,2,5
LPLC2,LoVP39,3,5
LPLC2,LoVP62,2,5
LPLC2,LoVP99,2,5
LPLC2,PVLP099,2,5
LPLC2,PVLP121,1,5
LPLC2,CB1088,3,4
LPLC2,CB1717,2,4
LPLC2,CB3201,2,4
LPLC2,CB3411,1,4
LPLC2,CB4245,1,4
LPLC2,CL266_a3,1,4
LPLC2,DNge032,1,4
LPLC2,LC43,4,4
LPLC2,LOP_LO_unclear,2,4
LPLC2,LPC_unclear,1,4
LPLC2,LT1a,2,4
LPLC2,LT42,2,4
LPLC2,LT65,2,4
LPLC2,LT70,3,4
LPLC2,Lat2,2,4
LPLC2,LoVP21,2,4
LPLC2,LoVP35,2,4
LPLC2,LoVP59,2,4
LPLC2,LoVP69,2,4
LPLC2,LoVP78,2,4
LPLC2,LoVP90c,1,4
LPLC2,LoVP_unclear,2,4
LPLC2,MeTu1,4,4
LPLC2,OLVC5,2,4
LPLC2,Tm31,4,4
LPLC2,WED045,1,4
LPLC2,aMe8,2,4
LPLC2,dCal1,2,4
LPLC2,AVLP086,1,3
LPLC2,AVLP322,1,3
LPLC2,AVLP552,2,3
LPLC2,CB0738,1,3
LPLC2,CB1498,2,3
LPLC2,DNc02,1,3
LPLC2,DNpe031,2,3
LPLC2,HST,2,3
LPLC2,LC14a-2,2,3
LPLC2,LC26,3,3
LPLC2,LPT51,2,3
LPLC2,LPi3c,3,3
LPLC2,LT1b,2,3
LPLC2,LT34,2,3
LPLC2,LT64,2,3
LPLC2,LT68,1,3
LPLC2,LT84,2,3
LPLC2,Li37,2,3
LPLC2,LoVP107,2,3
LPLC2,LoVP108,2,3
LPLC2,LoVP12,2,3
LPLC2,LoVP14,3,3
LPLC2,LoVP47,2,3
LPLC2,LoVP5,3,3
LPLC2,LoVP90a,1,3
LPLC2,ME_LO_unclear,2,3
LPLC2,MeLo7,3,3
LPLC2,MeTu3c,3,3
LPLC2,MeVC21,2,3
LPLC2,PLP034,1,3
LPLC2,PPM1203,1,3
LPLC2,PS171,1,3
LPLC2,PS182,1,3
LPLC2,PVLP037_unclear,1,3
LPLC2,PVLP085,1,3
LPLC2,Tm2,3,3
LPLC2,V1,1,3
LPLC2,WED117,2,3
LPLC2,aMe30,3,3
LPLC2,AVLP001,2,2
LPLC2,AVLP037,1,2
LPLC2,AVLP202,1,2
LPLC2,AVLP492,2,2
LPLC2,AVLP501,1,2
LPLC2,AVLP572,2,2
LPLC2,AVLP720m,2,2
LPLC2,CB2676,1,2
LPLC2,CB4176,2,2
LPLC2,CB4180,1,2
LPLC2,CL309,1,2
LPLC2,CL319,2,2
LPLC2,CL365,1,2
LPLC2,LAL026_b,1,2
LPLC2,LAL136_b,1,2
LPLC2,LC10_unclear,1,2
LPLC2,LPT54,1,2
LPLC2,LPi14,2,2
LPLC2,LT37,1,2
LPLC2,LT41,2,2
LPLC2,LT47,1,2
LPLC2,LT54,1,2
LPLC2,LT69,2,2
LPLC2,LT81,2,2
LPLC2,LT86,1,2
LPLC2,Li18a,2,2
LPLC2,Li_unclear,1,2
LPLC2,LoVC17,2,2
LPLC2,LoVC19,2,2
LPLC2,LoVC23,1,2
LPLC2,LoVC6,1,2
LPLC2,LoVC7,2,2
LPLC2,LoVP102,1,2
LPLC2,LoVP103,1,2
LPLC2,LoVP106,1,2
LPLC2,LoVP13,1,2
LPLC2,LoVP32,2,2
LPLC2,LoVP38,1,2
LPLC2,LoVP48,2,2
LPLC2,LoVP6,2,2
LPLC2,LoVP89,2,2
LPLC2,LoVP95,1,2
LPLC2,MeLo4,2,2
LPLC2,MeTu4c,2,2
LPLC2,MeTu4d,2,2
LPLC2,MeVP17,1,2
LPLC2,MeVP53,1,2
LPLC2,MeVPMe1,2,2
LPLC2,MeVPMe2,2,2
LPLC2,Mi14,2,2
LPLC2,PLP256,1,2
LPLC2,PVLP082,1,2
LPLC2,PVLP113,1,2
LPLC2,PVLP203m,1,2
LPLC2,Pm13,1,2
LPLC2,Tm1,2,2
LPLC2,Tm35,2,2
LPLC2,VST1,2,2
LPLC2,aMe17e,2,2
LPLC2,vCal1,2,2
LPLC2,vCal2,1,2
LPLC2,AN27X011,1,1
LPLC2,AVLP016,1,1
LPLC2,AVLP039,1,1
LPLC2,AVLP077,1,1
LPLC2,AVLP111,1,1
LPLC2,AVLP300_b,1,1
LPLC2,AVLP314,1,1
LPLC2,AVLP398,1,1
LPLC2,AVLP449,1,1
LPLC2,AVLP504,1,1
LPLC2,AVLP507,1,1
LPLC2,AVLP536,1,1
LPLC2,AVLP539,1,1
LPLC2,AVLP593,1,1
LPLC2,AVLP705m,1,1
LPLC2,CB0280,1,1
LPLC2,CB0785,1,1
LPLC2,CB1044,1,1
LPLC2,CB1340,1,1
LPLC2,CB1502,1,1
LPLC2,CB1934,1,1
LPLC2,CB1973,1,1
LPLC2,CB3598,1,1
LPLC2,CL022_a,1,1
LPLC2,CL022_c,1,1
LPLC2,CL125,1,1
LPLC2,CL131,1,1
LPLC2,CL203,1,1
LPLC2,CL303,1,1
LPLC2,DNp03,1,1
LPLC2,DNp47,1,1
LPLC2,LC27,1,1
LPLC2,LC34,1,1
LPLC2,LC40,1,1
LPLC2,LC41,1,1
LPLC2,LLPC4,1,1
LPLC2,LOP_unclear,1,1
LPLC2,LO_unclear,1,1
LPLC2,LPT27,1,1
LPLC2,LPT53,1,1
LPLC2,LPT57,1,1
LPLC2,LT67,1,1
LPLC2,LT85,1,1
LPLC2,Li18b,1,1
LPLC2,Li28,1,1
LPLC2,Li35,1,1
LPLC2,Li36,1,1
LPLC2,LoVC25,1,1
LPLC2,LoVC5,1,1
LPLC2,LoVP16,1,1
LPLC2,LoVP43,1,1
LPLC2,LoVP49,1,1
LPLC2,LoVP55,1,1
LPLC2,LoVP57,1,1
LPLC2,LoVP58,1,1
LPLC2,LoVP7,1,1
LPLC2,LoVP74,1,1
LPLC2,LoVP75,1,1
LPLC2,LoVP84,1,1
LPLC2,LoVP86,1,1
LPLC2,MBON33,1,1
LPLC2,MeLo5,1,1
LPLC2,MeLo6,1,1
LPLC2,MeTu3b,1,1
LPLC2,MeTu4_unclear,1,1
LPLC2,MeTu4a,1,1
LPLC2,MeVC20,1,1
LPLC2,MeVC22,1,1
LPLC2,MeVP14,1,1
LPLC2,MeVP29,1,1
LPLC2,MeVPLp2,1,1
LPLC2,OLVC3,1,1
LPLC2,OLVC4,1,1
LPLC2,PLP170,1,1
LPLC2,PS001,1,1
LPLC2,PS208,1,1
LPLC2,PS335,1,1
LPLC2,PVLP100,1,1
LPLC2,PVLP107,1,1
LPLC2,PVLP108,1,1
LPLC2,PVLP127,1,1
LPLC2,Pm12,1,1
LPLC2,Pm2a,1,1
LPLC2,Pm4,1,1
LPLC2,Pm8,1,1
LPLC2,SAD011,1,1
LPLC2,SAD044,1,1
LPLC2,SIP108m,1,1
LPLC2,SLP250,1,1
LPLC2,Tm23,1,1
LPLC2,Tm34,1,1
LPLC2,Tm3_unclear,1,1
LPLC2,Tm9,1,1
LPLC2,TmY_unclear,1,1
LPLC2,Tm_unclear,1,1
LPLC2,WED210,1,1
LPLC2,Y_unclear,1,1
