bodyId,type,somaSide,instance,status,LC4_weight_w1,LPLC2_weight_w1,total_visual_weight_w1,total_incoming_weight,visual_share_w1,LC4_fraction_visual_w1,LPLC2_fraction_visual_w1,LC4_presynaptic_count_w1,LPLC2_presynaptic_count_w1,direct_visual_partners_w1,ipsilateral_visual_weight_w1,contralateral_visual_weight_w1,receives_both_w1,rank_total_visual_w1,rank_visual_share_w1,rank_LC4_w1,rank_LPLC2_w1,LC4_weight_w3,LPLC2_weight_w3,total_visual_weight_w3,visual_share_w3,LC4_fraction_visual_w3,LPLC2_fraction_visual_w3,LC4_presynaptic_count_w3,LPLC2_presynaptic_count_w3,direct_visual_partners_w3,ipsilateral_visual_weight_w3,contralateral_visual_weight_w3,receives_both_w3,rank_total_visual_w3,rank_visual_share_w3,rank_LC4_w3,rank_LPLC2_w3,LC4_weight_w10,LPLC2_weight_w10,total_visual_weight_w10,visual_share_w10,LC4_fraction_visual_w10,LPLC2_fraction_visual_w10,LC4_presynaptic_count_w10,LPLC2_presynaptic_count_w10,direct_visual_partners_w10,ipsilateral_visual_weight_w10,contralateral_visual_weight_w10,receives_both_w10,rank_total_visual_w10,rank_visual_share_w10,rank_LC4_w10,rank_LPLC2_w10,total_incoming_edges,predicted_nt,predicted_nt_confidence,consensus_nt
531898,DNp04,L,DNp04_L,Traced,6811,1957,8768,12604,0.6956521739130435,0.7768020072992701,0.22319799270072993,71,94,165,8768,0,True,1,1,1,5,6811,1957,8768,0.6956521739130435,0.7768020072992701,0.22319799270072993,71,94,165,8768,0,True,1,1,1,5,6811,1808,8619,0.6838305299904792,0.7902308852535097,0.20976911474649032,71,74,145,8619,0,True,1,1,1,5,1042,acetylcholine,0.961419260534768,acetylcholine
10010,DNp01,L,DNp01(GF)_L,Traced,3782,2642,6424,24896,0.25803341902313626,0.5887297633872977,0.41127023661270234,71,94,165,6424,0,True,2,4,3,2,3782,2640,6422,0.2579530848329049,0.5889131111803176,0.41108688881968236,71,93,164,6422,0,True,2,4,3,2,3782,2578,6360,0.25546272493573263,0.5946540880503145,0.40534591194968556,71,84,155,6360,0,True,2,3,3,2,3407,acetylcholine,0.557140683373016,acetylcholine
11137,DNp04,R,DNp04_R,Traced,4786,1441,6227,9326,0.667703195367789,0.7685884053316203,0.23141159466837963,55,91,146,6227,0,True,3,2,2,7,4786,1431,6217,0.6666309242976625,0.7698246742801994,0.23017532571980054,55,84,139,6217,0,True,3,2,2,7,4786,1260,6046,0.6482950889984989,0.7915977505788951,0.20840224942110486,55,60,115,6046,0,True,3,2,2,7,877,acetylcholine,0.966145372598192,acetylcholine
10001,DNp01,R,DNp01(GF)_R,Traced,2580,2220,4800,18582,0.2583144979011947,0.5375,0.4625,55,91,146,4800,0,True,4,3,4,3,2580,2218,4798,0.25820686686040256,0.5377240516882034,0.4622759483117966,55,89,144,4798,0,True,4,3,4,3,2580,2132,4712,0.25357873210633947,0.5475382003395586,0.4524617996604414,55,74,129,4712,0,True,4,4,4,4,2394,acetylcholine,0.5004955542656235,acetylcholine
10283,DNp103,R,DNp103(PVLP119)_R,Traced,183,2867,3050,29105,0.10479299089503522,0.06,0.94,45,91,136,3050,0,True,5,16,19,1,167,2867,3034,0.10424325717230716,0.05504284772577456,0.9449571522742255,34,91,125,3034,0,True,5,16,19,1,13,2867,2880,0.09895207009104964,0.0045138888888888885,0.9954861111111111,1,91,92,2880,0,True,5,12,20,1,2877,acetylcholine,0.9568302517284742,acetylcholine
10417,DNp103,L,DNp103(PVLP119)_L,Traced,152,2198,2350,27113,0.08667428908641611,0.06468085106382979,0.9353191489361702,48,94,142,2350,0,True,6,18,21,4,123,2198,2321,0.08560469147641353,0.05299439896596295,0.9470056010340371,27,94,121,2321,0,True,6,18,21,4,0,2189,2189,0.08073617821709143,0.0,1.0,0,93,93,2189,0,False,7,17,22,3,2903,acetylcholine,0.9518838304213051,acetylcholine
10197,DNp02,L,DNp02_L,Traced,2279,0,2279,9375,0.24309333333333333,1.0,0.0,71,0,71,2279,0,False,7,5,5,50,2279,0,2279,0.24309333333333333,1.0,0.0,71,0,71,2279,0,False,7,5,5,40,2240,0,2240,0.23893333333333333,1.0,0.0,65,0,65,2240,0,False,6,5,5,25,1402,acetylcholine,0.9159098167097302,acetylcholine
10923,DNg40,R,DNg40(hb5813056435)_R,Traced,446,1826,2272,10614,0.2140569059732429,0.19630281690140844,0.8036971830985915,51,87,138,2272,0,True,8,7,16,6,434,1815,2249,0.21188995666101376,0.19297465540240108,0.8070253445975989,42,79,121,2249,0,True,8,7,16,6,299,1751,2050,0.19314113435085736,0.14585365853658536,0.8541463414634146,18,70,88,2050,0,True,8,7,15,6,1135,glutamate,0.6188473742734429,glutamate
10259,DNp11,L,DNp11_L,Traced,2022,56,2078,12792,0.16244527829893685,0.973051010587103,0.026948989412897015,69,26,95,2078,0,True,9,9,6,27,2015,33,2048,0.16010006253908693,0.98388671875,0.01611328125,65,9,74,2048,0,True,9,9,6,27,1929,0,1929,0.15079737335834897,1.0,0.0,51,0,51,1929,0,False,9,9,6,25,2403,acetylcholine,0.9347718335345766,acetylcholine
10117,DNp02,R,DNp02_R,Traced,1930,5,1935,8921,0.21690393453648693,0.9974160206718347,0.002583979328165375,54,4,58,1935,0,True,10,6,7,41,1930,0,1930,0.21634345925344692,1.0,0.0,54,0,54,1930,0,False,10,6,7,40,1894,0,1894,0.2123080372155588,1.0,0.0,49,0,49,1894,0,False,10,6,7,25,1256,acetylcholine,0.8450423680625282,acetylcholine
10752,DNp03,L,DNp03_L,Traced,1827,1,1828,11492,0.15906717716672467,0.99945295404814,0.0005470459518599562,71,1,72,1828,0,True,11,10,8,47,1827,0,1827,0.15898016011138183,1.0,0.0,71,0,71,1827,0,False,11,10,8,40,1819,0,1819,0.15828402366863906,1.0,0.0,70,0,70,1819,0,False,11,8,8,25,1342,acetylcholine,0.9533261965482178,acetylcholine
10361,DNg40,L,DNg40(hb5813056435)_L,Traced,534,1172,1706,9198,0.18547510328332245,0.3130128956623681,0.6869871043376319,61,88,149,1706,0,True,12,8,14,8,508,1162,1670,0.18156120895846922,0.30419161676646705,0.6958083832335329,45,81,126,1670,0,True,12,8,14,8,357,1003,1360,0.14785823005001086,0.2625,0.7375,19,56,75,1360,0,True,13,10,14,8,1173,glutamate,0.6216921144227514,glutamate
10106,DNp11,R,DNp11_R,Traced,1644,15,1659,11406,0.1454497632824829,0.9909584086799277,0.009041591320072333,53,13,66,1659,0,True,13,11,9,38,1640,0,1640,0.14378397334736104,1.0,0.0,51,0,51,1640,0,False,13,11,9,40,1563,0,1563,0.13703314045239348,1.0,0.0,39,0,39,1563,0,False,12,11,9,25,2318,acetylcholine,0.9111542945898922,acetylcholine
10228,DNp06,L,DNp06_L,Traced,705,886,1591,23365,0.06809330194735716,0.44311753614079197,0.556882463859208,70,91,161,1591,0,True,14,23,10,9,700,870,1570,0.06719452172052215,0.445859872611465,0.554140127388535,67,80,147,1570,0,True,14,22,10,9,476,614,1090,0.04665097367857907,0.43669724770642204,0.563302752293578,31,34,65,1090,0,True,14,20,13,10,2100,acetylcholine,0.9495065879467789,acetylcholine
10584,DNp06,R,DNp06_R,Traced,447,833,1280,20242,0.06323485821559134,0.34921875,0.65078125,55,88,143,1280,0,True,15,24,15,11,442,819,1261,0.06229621578895366,0.35051546391752575,0.6494845360824743,52,80,132,1261,0,True,15,23,15,11,222,566,788,0.038928959588973425,0.2817258883248731,0.7182741116751269,19,36,55,788,0,True,15,22,16,11,1913,acetylcholine,0.9496455095554229,acetylcholine
10223,DNpe056,L,DNpe056(PVLP146)_L,Traced,2,874,876,7562,0.11584236974345412,0.00228310502283105,0.997716894977169,2,81,83,876,0,True,16,13,45,10,0,864,864,0.11425548796614653,0.0,1.0,0,74,74,864,0,False,16,13,33,10,0,677,677,0.0895265802697699,0.0,1.0,0,44,44,677,0,False,16,15,22,9,1489,acetylcholine,0.9515824387694533,acetylcholine
519771,DNp71,L,DNp71(DNp09)_L,Traced,2,797,799,6034,0.13241630759032152,0.0025031289111389237,0.9974968710888611,1,91,92,799,0,True,17,12,45,12,0,784,784,0.12993039443155452,0.0,1.0,0,82,82,784,0,False,17,12,33,12,0,525,525,0.08700696055684455,0.0,1.0,0,37,37,525,0,False,19,16,22,12,1063,acetylcholine,0.9524830888438928,acetylcholine
10732,DNpe056,R,DNpe056(PVLP146)_R,Traced,5,745,750,7879,0.09518974489148369,0.006666666666666667,0.9933333333333333,3,79,82,750,0,True,18,17,34,13,0,733,733,0.09303211067394339,0.0,1.0,0,70,70,733,0,False,18,17,33,13,0,513,513,0.06510978550577484,0.0,1.0,0,34,34,513,0,False,21,18,22,13,1514,acetylcholine,0.9645276733681327,acetylcholine
524001,DNp05,L,DNp05_L,Traced,702,15,717,6281,0.11415379716605636,0.9790794979079498,0.02092050209205021,54,8,62,717,0,True,19,14,11,38,692,7,699,0.11128801146314281,0.9899856938483548,0.010014306151645207,47,2,49,699,0,True,19,14,11,35,604,0,604,0.09616303136443241,1.0,0.0,32,0,32,604,0,False,17,13,10,25,952,acetylcholine,0.9574082249222785,acetylcholine
10558,DNp35,R,DNp35(PVLP136)_R,Traced,213,481,694,18447,0.03762129343524692,0.3069164265129683,0.6930835734870316,49,85,134,694,0,True,20,26,18,16,185,449,634,0.03436873204315065,0.2917981072555205,0.7082018927444795,31,65,96,634,0,True,21,26,18,16,53,144,197,0.010679243237382773,0.26903553299492383,0.7309644670050761,5,11,16,197,0,True,24,25,17,17,1849,acetylcholine,0.9643233064380307,acetylcholine
10234,DNp35,L,DNp35(PVLP136)_L,Traced,251,439,690,17658,0.03907577302072715,0.36376811594202896,0.636231884057971,59,86,145,690,0,True,21,25,17,17,223,406,629,0.03562124815947446,0.35453100158982515,0.6454689984101749,41,63,104,629,0,True,22,25,17,17,34,118,152,0.008607996375580473,0.2236842105263158,0.7763157894736842,2,8,10,152,0,True,26,26,18,18,1813,acetylcholine,0.9543729552314394,acetylcholine
10989,DNp03,R,DNp03_R,Traced,680,0,680,8831,0.07700147208696637,1.0,0.0,55,0,55,680,0,False,22,20,12,50,678,0,678,0.07677499716906352,1.0,0.0,54,0,54,678,0,False,20,19,12,40,546,0,546,0.06182765258747594,1.0,0.0,35,0,35,546,0,False,18,19,11,25,1220,acetylcholine,0.9595298909830432,acetylcholine
10601,DNpe025,R,DNpe025(PVLP145)_R,Traced,88,567,655,8427,0.07772635576124362,0.13435114503816795,0.8656488549618321,29,79,108,655,0,True,23,19,23,14,64,531,595,0.07060638424112971,0.10756302521008404,0.892436974789916,10,55,65,595,0,True,24,20,23,14,20,362,382,0.04533048534472529,0.05235602094240838,0.9476439790575916,2,21,23,382,0,True,22,21,19,14,1391,acetylcholine,0.9536421243962725,acetylcholine
10449,DNpe025,L,DNpe025(PVLP145)_L,Traced,133,511,644,8385,0.07680381633870006,0.20652173913043478,0.7934782608695652,45,76,121,644,0,True,24,21,22,15,104,472,576,0.06869409660107334,0.18055555555555555,0.8194444444444444,23,52,75,576,0,True,25,21,22,15,0,305,305,0.03637447823494335,0.0,1.0,0,19,19,305,0,False,23,23,22,15,1348,acetylcholine,0.9564313841236908,acetylcholine
11020,DNp05,R,DNp05_R,Traced,601,24,625,5778,0.10816891658013153,0.9616,0.0384,43,16,59,625,0,True,25,15,13,34,597,9,606,0.10488058151609553,0.9851485148514851,0.01485148514851485,40,3,43,606,0,True,23,15,13,34,520,0,520,0.08999653859466944,1.0,0.0,26,0,26,520,0,False,20,14,12,25,834,acetylcholine,0.9584000181046685,acetylcholine
11159,DNp71,R,DNp71(DNp09)_R,Traced,0,398,398,5779,0.06887004672088597,0.0,1.0,0,79,79,398,0,False,26,22,52,18,0,359,359,0.06212147430351272,0.0,1.0,0,52,52,359,0,False,26,24,33,18,0,161,161,0.02785949126146392,0.0,1.0,0,13,13,161,0,False,25,24,22,16,968,acetylcholine,0.9602533701981295,acetylcholine
10091,DNpe042,L,DNpe042(CL262)_L,Traced,3,276,279,15908,0.01753834548654765,0.010752688172043012,0.989247311827957,2,65,67,279,0,True,27,31,43,19,0,252,252,0.015841086245914005,0.0,1.0,0,48,48,252,0,False,27,30,33,19,0,57,57,0.0035831028413376917,0.0,1.0,0,5,5,57,0,False,27,28,22,19,2201,acetylcholine,0.9563035114571165,acetylcholine
12628,DNpe042,R,DNpe042(CL262)_R,Traced,0,246,246,17140,0.014352392065344223,0.0,1.0,0,72,72,246,0,False,28,33,52,20,0,198,198,0.011551925320886815,0.0,1.0,0,38,38,198,0,False,28,32,33,20,0,12,12,0.0007001166861143524,0.0,1.0,0,1,1,12,0,False,31,33,22,23,2281,acetylcholine,0.9503861713096572,acetylcholine
11334,DNpe045,R,DNpe045(DNp23)_R,Traced,5,190,195,7380,0.026422764227642278,0.02564102564102564,0.9743589743589743,3,60,63,195,0,True,29,28,34,21,3,145,148,0.02005420054200542,0.02027027027027027,0.9797297297297297,1,28,29,148,0,True,29,28,30,21,0,23,23,0.0031165311653116533,0.0,1.0,0,2,2,23,0,False,29,29,22,21,1335,acetylcholine,0.9567667316880828,acetylcholine
11573,DNpe021,L,DNpe021(CL307)_L,Traced,166,0,166,5797,0.028635501121269624,1.0,0.0,55,0,55,166,0,False,30,27,20,50,125,0,125,0.021562877350353633,1.0,0.0,26,0,26,125,0,False,30,27,20,40,10,0,10,0.0017250301880282904,1.0,0.0,1,0,1,10,0,False,32,32,21,25,1370,acetylcholine,0.9602079069685033,acetylcholine
10931,DNpe045,L,DNpe045(DNp23)_L,Traced,7,132,139,7994,0.01738804103077308,0.050359712230215826,0.9496402877697842,6,45,51,139,0,True,31,32,32,22,0,94,94,0.011758819114335751,0.0,1.0,0,18,18,94,0,False,31,31,33,22,0,21,21,0.002626970227670753,0.0,1.0,0,2,2,21,0,False,30,30,22,22,1368,acetylcholine,0.9581116723527302,acetylcholine
10590,DNpe052,L,DNpe052(AVLP564)_L,Traced,0,114,114,4452,0.025606469002695417,0.0,1.0,0,49,49,114,0,False,32,29,52,23,0,74,74,0.016621743036837375,0.0,1.0,0,16,16,74,0,False,33,29,33,24,0,10,10,0.0022461814914645105,0.0,1.0,0,1,1,10,0,False,32,31,22,24,1114,acetylcholine,0.9558673849112944,acetylcholine
575082,DNpe021,R,DNpe021_R,Traced,61,51,112,5839,0.019181366672375407,0.5446428571428571,0.45535714285714285,29,22,51,112,0,True,33,30,24,29,27,33,60,0.010275732145915397,0.45,0.55,6,9,15,60,0,True,35,33,24,27,0,0,0,0.0,0.0,0.0,0,0,0,0,0,False,34,34,22,25,1336,acetylcholine,0.9643948601197233,acetylcholine
10244,DNp55,L,DNp55(WED180)_L,Traced,2,105,107,9125,0.011726027397260273,0.018691588785046728,0.9813084112149533,1,41,42,107,0,True,34,35,45,24,0,71,71,0.0077808219178082194,0.0,1.0,0,18,18,71,0,False,34,35,33,25,0,0,0,0.0,0.0,0.0,0,0,0,0,0,False,34,34,22,25,1310,acetylcholine,0.9030786062821096,acetylcholine
10783,DNp09,L,DNp09_L,Traced,0,104,104,8640,0.012037037037037037,0.0,1.0,0,25,25,104,0,False,35,34,52,25,0,87,87,0.010069444444444445,0.0,1.0,0,14,14,87,0,False,32,34,33,23,0,36,36,0.004166666666666667,0.0,1.0,0,3,3,36,0,False,28,27,22,20,1177,acetylcholine,0.9534627156106811,acetylcholine
11133,DNp70,R,DNp70(CL305)_R,Traced,3,68,71,11695,0.006070970500213766,0.04225352112676056,0.9577464788732394,3,29,32,70,1,True,36,38,43,26,0,44,44,0.003762291577597264,0.0,1.0,0,10,10,44,0,False,36,37,33,26,0,0,0,0.0,0.0,0.0,0,0,0,0,0,False,34,34,22,25,1942,acetylcholine,0.9351963996485984,acetylcholine
11088,DNp55,R,DNp55(WED180)_R,Traced,0,55,55,8097,0.006792639249104606,0.0,1.0,0,24,24,55,0,False,37,37,52,28,0,33,33,0.004075583549462764,0.0,1.0,0,8,8,33,0,False,37,36,33,27,0,0,0,0.0,0.0,0.0,0,0,0,0,0,False,34,34,22,25,1046,acetylcholine,0.9517212406869396,acetylcholine
10580,DNp70,L,DNp70(CL305)_L,Traced,14,36,50,10985,0.004551661356395084,0.28,0.72,12,17,29,50,0,True,38,39,29,30,0,22,22,0.002002730996813837,0.0,1.0,0,6,6,22,0,False,38,41,33,30,0,0,0,0.0,0.0,0.0,0,0,0,0,0,False,34,34,22,25,1914,acetylcholine,0.9345809268178248,acetylcholine
10296,DNge054,R,DNge054_R,Traced,4,33,37,9026,0.0040992687790826505,0.10810810810810811,0.8918918918918919,2,14,16,37,0,True,39,40,38,31,3,19,22,0.002437403057832927,0.13636363636363635,0.8636363636363636,1,5,6,22,0,True,38,39,30,31,0,0,0,0.0,0.0,0.0,0,0,0,0,0,False,34,34,22,25,1830,gaba,0.8360325968376119,gaba
10377,DNge054,L,DNge054_L,Traced,4,30,34,10123,0.0033586881359280846,0.11764705882352941,0.8823529411764706,1,13,14,34,0,True,40,41,38,33,4,18,22,0.0021732687938358195,0.18181818181818182,0.8181818181818182,1,4,5,22,0,True,38,40,28,32,0,0,0,0.0,0.0,0.0,0,0,0,0,0,False,34,34,22,25,1936,gaba,0.8057831587429196,gaba
10957,DNp69,R,DNp69(CL304)_R,Traced,16,17,33,11920,0.0027684563758389263,0.48484848484848486,0.5151515151515151,10,9,19,33,0,True,41,42,26,37,4,7,11,0.0009228187919463087,0.36363636363636365,0.6363636363636364,1,2,3,11,0,True,42,43,28,35,0,0,0,0.0,0.0,0.0,0,0,0,0,0,False,34,34,22,25,1527,acetylcholine,0.9631105593636228,acetylcholine
11632,DNpe052,R,DNpe052(AVLP564)_R,Traced,0,31,31,4125,0.0075151515151515155,0.0,1.0,0,17,17,31,0,False,42,36,52,32,0,11,11,0.0026666666666666666,0.0,1.0,0,3,3,11,0,False,42,38,33,33,0,0,0,0.0,0.0,0.0,0,0,0,0,0,False,34,34,22,25,1011,acetylcholine,0.9624135250199417,acetylcholine
536048,DNp27,L,DNp27_L,Traced,5,18,23,9151,0.002513386515134958,0.21739130434782608,0.782608695652174,4,16,20,16,7,True,43,44,34,35,0,0,0,0.0,0.0,0.0,0,0,0,0,0,False,50,50,33,40,0,0,0,0.0,0.0,0.0,0,0,0,0,0,False,34,34,22,25,3191,acetylcholine,0.7222038360320772,acetylcholine
10063,DNp27,R,DNp27_R,Traced,4,18,22,8155,0.00269773145309626,0.18181818181818182,0.8181818181818182,4,15,19,8,14,True,44,43,38,35,0,0,0,0.0,0.0,0.0,0,0,0,0,0,False,50,50,33,40,0,0,0,0.0,0.0,0.0,0,0,0,0,0,False,34,34,22,25,3019,acetylcholine,0.7339942789480343,acetylcholine
33037,DNp69,L,DNp69(CL304)_L,Traced,17,2,19,12393,0.001533123537480836,0.8947368421052632,0.10526315789473684,10,1,11,19,0,True,45,47,25,45,7,0,7,0.0005648349874929396,1.0,0.0,2,0,2,7,0,False,44,46,26,40,0,0,0,0.0,0.0,0.0,0,0,0,0,0,False,34,34,22,25,1518,acetylcholine,0.9573411706490921,acetylcholine
10118,DNb05,L,DNb05_L,Traced,15,0,15,17938,0.0008362136247073252,1.0,0.0,7,0,7,15,0,False,46,53,27,50,5,0,5,0.00027873787490244177,1.0,0.0,1,0,1,5,0,False,45,49,27,40,0,0,0,0.0,0.0,0.0,0,0,0,0,0,False,34,34,22,25,2065,acetylcholine,0.9593688149511818,acetylcholine
10065,DNb05,R,DNb05_R,Traced,15,0,15,18613,0.0008058883575995272,1.0,0.0,4,0,4,15,0,False,46,54,27,50,13,0,13,0.0006984365765862569,1.0,0.0,2,0,2,13,0,False,41,45,25,40,0,0,0,0.0,0.0,0.0,0,0,0,0,0,False,34,34,22,25,1960,acetylcholine,0.9631576733796452,acetylcholine
11290,DNp66,R,DNp66(AVLP499)_R,Traced,9,0,9,6139,0.0014660368138133247,1.0,0.0,5,0,5,9,0,False,48,49,30,50,3,0,3,0.0004886789379377749,1.0,0.0,1,0,1,3,0,False,47,48,30,40,0,0,0,0.0,0.0,0.0,0,0,0,0,0,False,34,34,22,25,1045,acetylcholine,0.9544094554243171,acetylcholine
10030,pIP1,L,pIP1_L,Traced,8,0,8,23050,0.0003470715835140998,1.0,0.0,6,0,6,8,0,False,49,58,31,50,0,0,0,0.0,0.0,0.0,0,0,0,0,0,False,50,50,33,40,0,0,0,0.0,0.0,0.0,0,0,0,0,0,False,34,34,22,25,2869,acetylcholine,0.9402498666693837,acetylcholine
11177,DNp09,R,DNp09_R,Traced,0,7,7,7300,0.0009589041095890411,0.0,1.0,0,4,4,7,0,False,50,52,52,40,0,4,4,0.000547945205479452,0.0,1.0,0,1,1,4,0,False,46,47,33,37,0,0,0,0.0,0.0,0.0,0,0,0,0,0,False,34,34,22,25,1229,acetylcholine,0.957317490972141,acetylcholine
10713,DNp42,L,DNp42_L,Traced,7,0,7,8820,0.0007936507936507937,1.0,0.0,7,0,7,7,0,False,50,55,32,50,0,0,0,0.0,0.0,0.0,0,0,0,0,0,False,50,50,33,40,0,0,0,0.0,0.0,0.0,0,0,0,0,0,False,34,34,22,25,1374,acetylcholine,0.9562302491101924,acetylcholine
10280,DNp47,R,DNp47(PS293)_R,Traced,5,1,6,3752,0.0015991471215351812,0.8333333333333334,0.16666666666666666,5,1,6,6,0,True,52,45,34,47,0,0,0,0.0,0.0,0.0,0,0,0,0,0,False,50,50,33,40,0,0,0,0.0,0.0,0.0,0,0,0,0,0,False,34,34,22,25,709,acetylcholine,0.9637275124694087,acetylcholine
522345,DNpe037,L,DNpe037(CL338)_L,Traced,0,5,5,3252,0.0015375153751537515,0.0,1.0,0,3,3,5,0,False,53,46,52,41,0,3,3,0.0009225092250922509,0.0,1.0,0,1,1,3,0,False,47,44,33,38,0,0,0,0.0,0.0,0.0,0,0,0,0,0,False,34,34,22,25,768,acetylcholine,0.8610894538152789,acetylcholine
11063,DNge032,L,DNge032_L,Traced,0,4,4,2853,0.0014020329477742728,0.0,1.0,0,3,3,4,0,False,54,50,52,43,0,0,0,0.0,0.0,0.0,0,0,0,0,0,False,50,50,33,40,0,0,0,0.0,0.0,0.0,0,0,0,0,0,False,34,34,22,25,795,acetylcholine,0.9434669802209595,acetylcholine
11513,DNp07,R,DNp07_R,Traced,4,0,4,6083,0.0006575702778234424,1.0,0.0,3,0,3,4,0,False,54,56,38,50,0,0,0,0.0,0.0,0.0,0,0,0,0,0,False,50,50,33,40,0,0,0,0.0,0.0,0.0,0,0,0,0,0,False,34,34,22,25,1045,acetylcholine,0.9671115095405216,acetylcholine
506334,DNp42,R,DNp42_R,Traced,4,0,4,8993,0.0004447903925275214,1.0,0.0,4,0,4,4,0,False,54,57,38,50,0,0,0,0.0,0.0,0.0,0,0,0,0,0,False,50,50,33,40,0,0,0,0.0,0.0,0.0,0,0,0,0,0,False,34,34,22,25,1392,acetylcholine,0.9536809713527438,acetylcholine
10342,DNc02,R,DNc02(SIFa)_R,Traced,0,3,3,1995,0.0015037593984962407,0.0,1.0,0,1,1,0,3,False,57,48,52,44,0,3,3,0.0015037593984962407,0.0,1.0,0,1,1,0,3,False,47,42,33,38,0,0,0,0.0,0.0,0.0,0,0,0,0,0,False,34,34,22,25,1109,unclear,0.35523624783203644,unclear
10705,DNc02,L,DNc02(SIFa)_L,Traced,2,0,2,1767,0.0011318619128466328,1.0,0.0,2,0,2,2,0,False,58,51,45,50,0,0,0,0.0,0.0,0.0,0,0,0,0,0,False,50,50,33,40,0,0,0,0.0,0.0,0.0,0,0,0,0,0,False,34,34,22,25,1117,unclear,0.3320798611111111,unclear
12218,DNpe031,L,DNpe031(PVLP116)_L,Traced,0,2,2,6074,0.00032927230819888045,0.0,1.0,0,2,2,2,0,False,58,59,52,45,0,0,0,0.0,0.0,0.0,0,0,0,0,0,False,50,50,33,40,0,0,0,0.0,0.0,0.0,0,0,0,0,0,False,34,34,22,25,1081,glutamate,0.7247571457382347,glutamate
10143,DNp30,L,DNp30_L,Traced,2,0,2,6673,0.0002997152704930316,1.0,0.0,2,0,2,0,2,False,58,60,45,50,0,0,0,0.0,0.0,0.0,0,0,0,0,0,False,50,50,33,40,0,0,0,0.0,0.0,0.0,0,0,0,0,0,False,34,34,22,25,1752,glutamate,0.5203680449154414,glutamate
10068,DNp30,R,DNp30_R,Traced,2,0,2,6800,0.0002941176470588235,1.0,0.0,1,0,1,0,2,False,58,61,45,50,0,0,0,0.0,0.0,0.0,0,0,0,0,0,False,50,50,33,40,0,0,0,0.0,0.0,0.0,0,0,0,0,0,False,34,34,22,25,1756,glutamate,0.5157685968125202,glutamate
12222,DNpe031,L,DNpe031(PVLP116)_L,Traced,0,1,1,5660,0.00017667844522968197,0.0,1.0,0,1,1,1,0,False,62,62,52,47,0,0,0,0.0,0.0,0.0,0,0,0,0,0,False,50,50,33,40,0,0,0,0.0,0.0,0.0,0,0,0,0,0,False,34,34,22,25,1075,glutamate,0.7086808702736446,glutamate
10038,pIP1,R,pIP1_R,Traced,1,0,1,21379,4.677487253847233e-05,1.0,0.0,1,0,1,1,0,False,62,63,51,50,0,0,0,0.0,0.0,0.0,0,0,0,0,0,False,50,50,33,40,0,0,0,0.0,0.0,0.0,0,0,0,0,0,False,34,34,22,25,2984,acetylcholine,0.9498214919317843,acetylcholine
