bodyId,type,somaSide,robustness_status,weight_w1,weight_w3,weight_w10,retention_rate_w3_to_w1,retention_rate_w10_to_w1,rank_w1,rank_w3,rank_w10,receives_both_w1,receives_both_w3,receives_both_w10
531898,DNp04,L,Robust (survives w10),8768,8768,8619,1.0,0.983,1,1.0,1.0,True,True,True
10010,DNp01,L,Robust (survives w10),6424,6422,6360,0.9997,0.99,2,2.0,2.0,True,True,True
11137,DNp04,R,Robust (survives w10),6227,6217,6046,0.9984,0.9709,3,3.0,3.0,True,True,True
10001,DNp01,R,Robust (survives w10),4800,4798,4712,0.9996,0.9817,4,4.0,4.0,True,True,True
10283,DNp103,R,Robust (survives w10),3050,3034,2880,0.9948,0.9443,5,5.0,5.0,True,True,True
10417,DNp103,L,Robust (survives w10),2350,2321,2189,0.9877,0.9315,6,6.0,7.0,True,True,False
10197,DNp02,L,Robust (survives w10),2279,2279,2240,1.0,0.9829,7,7.0,6.0,False,False,False
10923,DNg40,R,Robust (survives w10),2272,2249,2050,0.9899,0.9023,8,8.0,8.0,True,True,True
10259,DNp11,L,Robust (survives w10),2078,2048,1929,0.9856,0.9283,9,9.0,9.0,True,True,False
10117,DNp02,R,Robust (survives w10),1935,1930,1894,0.9974,0.9788,10,10.0,10.0,True,False,False
10752,DNp03,L,Robust (survives w10),1828,1827,1819,0.9995,0.9951,11,11.0,11.0,True,False,False
10361,DNg40,L,Robust (survives w10),1706,1670,1360,0.9789,0.7972,12,12.0,13.0,True,True,True
10106,DNp11,R,Robust (survives w10),1659,1640,1563,0.9885,0.9421,13,13.0,12.0,True,False,False
10228,DNp06,L,Robust (survives w10),1591,1570,1090,0.9868,0.6851,14,14.0,14.0,True,True,True
10584,DNp06,R,Robust (survives w10),1280,1261,788,0.9852,0.6156,15,15.0,15.0,True,True,True
10223,DNpe056,L,Robust (survives w10),876,864,677,0.9863,0.7728,16,16.0,16.0,True,False,False
519771,DNp71,L,Robust (survives w10),799,784,525,0.9812,0.6571,17,17.0,19.0,True,False,False
10732,DNpe056,R,Robust (survives w10),750,733,513,0.9773,0.684,18,18.0,21.0,True,False,False
524001,DNp05,L,Robust (survives w10),717,699,604,0.9749,0.8424,19,19.0,17.0,True,True,False
10558,DNp35,R,Robust (survives w10),694,634,197,0.9135,0.2839,20,21.0,24.0,True,True,True
10234,DNp35,L,Robust (survives w10),690,629,152,0.9116,0.2203,21,22.0,26.0,True,True,True
10989,DNp03,R,Robust (survives w10),680,678,546,0.9971,0.8029,22,20.0,18.0,False,False,False
10601,DNpe025,R,Robust (survives w10),655,595,382,0.9084,0.5832,23,24.0,22.0,True,True,True
10449,DNpe025,L,Robust (survives w10),644,576,305,0.8944,0.4736,24,25.0,23.0,True,True,False
11020,DNp05,R,Robust (survives w10),625,606,520,0.9696,0.832,25,23.0,20.0,True,True,False
11159,DNp71,R,Robust (survives w10),398,359,161,0.902,0.4045,26,26.0,25.0,False,False,False
10091,DNpe042,L,Robust (survives w10),279,252,57,0.9032,0.2043,27,27.0,27.0,True,False,False
12628,DNpe042,R,Robust (survives w10),246,198,12,0.8049,0.0488,28,28.0,31.0,False,False,False
11334,DNpe045,R,Robust (survives w10),195,148,23,0.759,0.1179,29,29.0,29.0,True,True,False
11573,DNpe021,L,Robust (survives w10),166,125,10,0.753,0.0602,30,30.0,32.0,False,False,False
10931,DNpe045,L,Robust (survives w10),139,94,21,0.6763,0.1511,31,31.0,30.0,True,False,False
10590,DNpe052,L,Robust (survives w10),114,74,10,0.6491,0.0877,32,33.0,32.0,False,False,False
575082,DNpe021,R,Moderate (survives w3),112,60,0,0.5357,0.0,33,35.0,,True,True,False
10244,DNp55,L,Moderate (survives w3),107,71,0,0.6636,0.0,34,34.0,,True,False,False
10783,DNp09,L,Robust (survives w10),104,87,36,0.8365,0.3462,35,32.0,28.0,False,False,False
11133,DNp70,R,Moderate (survives w3),71,44,0,0.6197,0.0,36,36.0,,True,False,False
11088,DNp55,R,Moderate (survives w3),55,33,0,0.6,0.0,37,37.0,,False,False,False
10580,DNp70,L,Moderate (survives w3),50,22,0,0.44,0.0,38,38.0,,True,False,False
10296,DNge054,R,Moderate (survives w3),37,22,0,0.5946,0.0,39,38.0,,True,True,False
10377,DNge054,L,Moderate (survives w3),34,22,0,0.6471,0.0,40,38.0,,True,True,False
10957,DNp69,R,Moderate (survives w3),33,11,0,0.3333,0.0,41,42.0,,True,True,False
11632,DNpe052,R,Moderate (survives w3),31,11,0,0.3548,0.0,42,42.0,,False,False,False
536048,DNp27,L,Weak (w1 only),23,0,0,0.0,0.0,43,,,True,False,False
10063,DNp27,R,Weak (w1 only),22,0,0,0.0,0.0,44,,,True,False,False
33037,DNp69,L,Moderate (survives w3),19,7,0,0.3684,0.0,45,44.0,,True,False,False
10118,DNb05,L,Moderate (survives w3),15,5,0,0.3333,0.0,46,45.0,,False,False,False
10065,DNb05,R,Moderate (survives w3),15,13,0,0.8667,0.0,46,41.0,,False,False,False
11290,DNp66,R,Moderate (survives w3),9,3,0,0.3333,0.0,48,47.0,,False,False,False
10030,pIP1,L,Weak (w1 only),8,0,0,0.0,0.0,49,,,False,False,False
10713,DNp42,L,Weak (w1 only),7,0,0,0.0,0.0,50,,,False,False,False
11177,DNp09,R,Moderate (survives w3),7,4,0,0.5714,0.0,50,46.0,,False,False,False
10280,DNp47,R,Weak (w1 only),6,0,0,0.0,0.0,52,,,True,False,False
522345,DNpe037,L,Moderate (survives w3),5,3,0,0.6,0.0,53,47.0,,False,False,False
11513,DNp07,R,Weak (w1 only),4,0,0,0.0,0.0,54,,,False,False,False
506334,DNp42,R,Weak (w1 only),4,0,0,0.0,0.0,54,,,False,False,False
11063,DNge032,L,Weak (w1 only),4,0,0,0.0,0.0,54,,,False,False,False
10342,DNc02,R,Moderate (survives w3),3,3,0,1.0,0.0,57,47.0,,False,False,False
10068,DNp30,R,Weak (w1 only),2,0,0,0.0,0.0,58,,,False,False,False
12218,DNpe031,L,Weak (w1 only),2,0,0,0.0,0.0,58,,,False,False,False
10143,DNp30,L,Weak (w1 only),2,0,0,0.0,0.0,58,,,False,False,False
10705,DNc02,L,Weak (w1 only),2,0,0,0.0,0.0,58,,,False,False,False
12222,DNpe031,L,Weak (w1 only),1,0,0,0.0,0.0,62,,,False,False,False
10038,pIP1,R,Weak (w1 only),1,0,0,0.0,0.0,62,,,False,False,False
