body_post,source_type,weight
531898,LC4,6811
11137,LC4,4786
531898,LPLC2,1957
11137,LPLC2,1441
531898,UNKNOWN,485
531898,PVLP046,398
11137,UNKNOWN,370
11137,MeVP53,327
531898,MeVP53,318
11137,PVLP046,216
531898,CB4176,189
11137,CB4176,177
531898,PVLP031,106
531898,,98
531898,PVLP024,88
531898,WED072,83
11137,,82
531898,CB4179,79
11137,PVLP025,79
11137,PVLP066,74
11137,PVLP100,74
11137,PVLP151,72
531898,PVLP025,70
531898,PVLP151,67
11137,PVLP031,65
11137,PVLP024,64
531898,AVLP076,61
11137,AVLP076,59
531898,CB4248,59
531898,WED125,55
11137,VES023,51
11137,CB4179,44
531898,CB3201,43
531898,PVLP100,42
11137,CB3544,41
531898,CB3513,39
531898,AVLP085,38
11137,CL323,37
531898,PLP211,37
531898,PVLP130,36
11137,CB3513,35
531898,PVLP034,33
11137,WED072,32
531898,CL367,32
11137,AVLP085,32
11137,PVLP068,32
531898,PVLP010,32
11137,PVLP130,32
531898,CB3544,30
531898,CB0956,30
531898,CL128a,29
531898,SAD023,27
11137,PVLP120,27
11137,WED125,26
531898,VES023,26
11137,CB3400,26
11137,PVLP010,26
531898,PVLP120,26
531898,CB4163,25
531898,PVLP094,24
531898,LHAD1g1,24
531898,PVLP076,24
11137,PLP211,24
531898,PVLP026,23
531898,AVLP202,23
531898,PLP060,23
11137,CL128a,23
11137,IN05B061,23
11137,CB4248,22
11137,CB3201,22
531898,PVLP066,22
531898,AMMC-A1,22
531898,PVLP013,22
531898,CB3400,22
11137,PVLP096,21
531898,IN00A051,20
11137,GNG300,20
531898,GNG300,19
531898,CL323,19
531898,LoVP54,19
11137,SAD023,19
531898,CB0154,19
531898,CB4102,18
11137,PVLP013,18
11137,PVLP094,17
531898,IN05B061,17
11137,AVLP542,17
531898,LPLC1,17
11137,PVLP026,17
11137,CB4163,16
531898,PVLP096,16
11137,ANXXX027,16
531898,AVLP542,16
531898,AN19A038,15
531898,AVLP079,15
11137,AN08B012,14
531898,IN05B065,14
531898,DNp02,14
531898,PVLP068,14
531898,SAD013,14
11137,PVLP123,13
11137,PVLP064,13
11137,AVLP202,13
11137,PLP060,13
11137,WED187,13
11137,IN00A025,12
531898,PVLP027,12
11137,DNp02,12
11137,PVLP076,11
531898,GNG004,11
11137,IN05B065,10
11137,SAD098,10
11137,WED117,10
11137,PVLP011,10
531898,AN19B036,10
11137,CL367,10
11137,AVLP094,10
531898,IB114,10
531898,PVLP123,9
531898,CB1638,9
11137,IN00A051,9
11137,PVLP018,9
11137,LHAD1g1,8
11137,PVLP122,8
531898,AN09B016,8
531898,AN08B098,8
11137,CB0115,8
11137,LC18,8
531898,DNp103,8
531898,CB2371,8
11137,DNp06,8
11137,AVLP080,8
531898,PVLP028,8
531898,PVLP122,8
531898,WED187,8
531898,PVLP064,8
11137,SAD013,8
11137,DNp103,7
11137,AVLP607,7
11137,AVLP083,7
11137,IB114,7
531898,AVLP080,7
11137,AN09B030,7
531898,SIP118m,7
11137,WED104,6
531898,IN00A050,6
11137,PVLP028,6
11137,PVLP107,6
11137,AVLP452,6
531898,PLP029,6
531898,PLP249,6
531898,PVLP011,6
11137,PVLP027,6
531898,WED104,6
11137,AVLP082,6
531898,PVLP018,6
531898,IN00A036,6
11137,CB0280,6
531898,CB1109,6
531898,AVLP606,6
531898,SAD107,6
531898,DNg40,6
531898,AVLP452,6
531898,EA06B010,6
531898,AVLP082,6
531898,DNp69,6
531898,AN10B019,6
531898,MeVP18,5
11137,CB2175,5
11137,AVLP429,5
531898,IN00A025,5
531898,AVL006_a,5
11137,PVLP047,5
531898,DNp35,5
11137,PVLP034,5
531898,AVLP399,5
11137,AVLP079,5
11137,PLP029,5
11137,LoVP54,5
11137,PVLP099,5
531898,CB2664,5
531898,IN00A041,5
11137,IN07B066,5
531898,SAD055,5
531898,AN17A014,5
11137,WED127,5
11137,IN00A036,5
531898,GNG296,5
531898,AN09B030,5
531898,IN00A048,5
531898,GNG003,4
531898,CB1695,4
11137,WED106,4
531898,CB4162,4
531898,AVLP605,4
531898,GNG602,4
11137,PVLP022,4
531898,AVLP259,4
531898,AVLP430,4
531898,LoVC13,4
531898,AVLP086,4
531898,GNG295,4
11137,SAD072,4
531898,AN09B040,4
531898,IN00A055,4
531898,IN05B085,4
531898,LAL047,4
531898,PLP034,4
531898,ANXXX084,4
11137,WED109,4
531898,WED189,4
11137,LPLC1,4
11137,CL121_b,4
11137,CB4102,4
11137,CB1109,4
11137,IN11A032_d,4
11137,AN19B036,4
11137,DNge138,4
11137,IN05B085,4
11137,AVLP086,4
11137,AVLP399,4
11137,CB1638,4
11137,PLP015,4
11137,AN17A015,4
531898,CB1314,3
531898,JO-CM,3
531898,IN07B054,3
11137,SAD103,3
531898,IN11A032_d,3
531898,AVLP501,3
531898,IN06B008,3
11137,AN10B019,3
11137,EA06B010,3
11137,WED029,3
11137,IN00A048,3
11137,DNg40,3
531898,AVLP429,3
531898,AVLP126,3
531898,PVLP021,3
11137,AVLP005,3
11137,DNpe031,3
11137,DNpe042,3
531898,PS306,3
11137,DNpe052,3
11137,GNG418,3
11137,AVLP152,3
531898,AN17A013,3
531898,CB2472,3
11137,GNG296,3
11137,LoVCLo3,3
11137,PLP249,3
531898,DNp01,3
531898,GNG337,3
531898,DNge138,3
531898,WED061,3
11137,CB1314,3
11137,CB2664,3
11137,PVLP014,3
531898,CL140,3
11137,MeVP18,3
11137,PS002,3
531898,DNp06,3
531898,DNpe031,3
11137,IN11A020,3
531898,SAD106,3
531898,CB4118,3
11137,CL140,3
531898,SAD064,3
531898,MeVCMe1,2
531898,LC14a-1,2
11137,CB1280,2
531898,AVLP110_b,2
531898,OA-VUMa4,2
11137,AVLP509,2
531898,DNpe042,2
11137,GNG004,2
11137,DNp66,2
11137,DNp55,2
531898,DNpe026,2
531898,AVLP081,2
11137,DNp69,2
531898,LT81,2
531898,DNp70,2
531898,AVLP203_c,2
531898,ANXXX109,2
531898,AN17A024,2
531898,LoVC16,2
11137,AVLP610,2
531898,JO-FD1,2
11137,AVLP536,2
531898,AVLP610,2
11137,DNd03,2
531898,CB2558,2
11137,AVLP547,2
531898,CB1717,2
531898,CB4170,2
531898,IN10B030,2
11137,DNge130,2
11137,AVLP203_c,2
531898,IN11A020,2
11137,CB0591,2
531898,AVLP719m,2
11137,CB4170,2
11137,DNp29,2
11137,DNge140,2
531898,AVLP603,2
531898,GNG638,2
531898,IN18B034,2
531898,AVLP535,2
531898,AVLP511,2
531898,GNG603,2
531898,AVLP500,2
531898,DNge131,2
531898,CB3411,2
531898,AVLP374,2
531898,IN11A014,2
11137,CB1852,2
11137,GNG331,2
531898,AN05B023c,2
531898,PVLP017,2
11137,AVLP001,2
531898,WED015,2
11137,ANXXX109,2
11137,AN07B004,2
11137,ANXXX102,2
11137,PVLP062,2
11137,AN17B013,2
531898,SAD014,2
11137,IN11A032_c,2
11137,IN00A031,2
531898,PVLP071,2
11137,IN00A050,2
11137,SNpp30,2
11137,SLP003,2
11137,SIP145m,2
11137,AN17A012,2
531898,PVLP098,2
531898,SAD053,2
11137,SAD064,2
531898,PVLP107,2
11137,AN12B001,2
11137,SAD045,2
11137,IN05B086,2
11137,SAD021_b,2
531898,AN05B006,2
11137,AN17B008,2
531898,PVLP014,2
531898,AN08B016,2
531898,WED188,2
531898,WED127,2
11137,AN05B102a,2
11137,GNG344,2
531898,WED109,2
11137,AMMC-A1,2
531898,WED106,2
11137,PVLP021,2
11137,LT61b,2
11137,AN09B013,2
531898,AN07B070,2
531898,AN08B012,2
11137,LC31a,2
11137,AN05B102c,1
531898,GNG506,1
11137,AVLP705m,1
531898,GNG046,1
11137,AN05B105,1
531898,WED029,1
11137,AVLP606,1
11137,AVLP603,1
531898,GNG340,1
531898,SAD045,1
531898,GNG260,1
11137,AN05B023d,1
531898,GNG351,1
531898,IN01A050,1
531898,IN05B002,1
11137,AN08B099_a,1
531898,IN05B042,1
11137,AVLP593,1
531898,SAD021_a,1
11137,AN08B049,1
531898,WED107,1
531898,SAD072,1
531898,VES001,1
11137,CB0800,1
531898,IN00A010,1
531898,IN00A012,1
531898,GNG304,1
531898,GNG302,1
11137,AN07B025,1
11137,CB0647,1
531898,IN00A029,1
531898,GNG671,1
531898,IN00A031,1
531898,SNpp17,1
531898,GNG385,1
11137,CB1538,1
11137,AN07B062,1
531898,IN00A042,1
11137,AN08B010,1
11137,AVLP711m,1
531898,IN11A010,1
11137,AN09B004,1
531898,LoVCLo3,1
11137,AVLP535,1
11137,ANXXX178,1
11137,AVLP500,1
531898,PVLP015,1
11137,AVLP476,1
531898,LPT29,1
531898,LPT60,1
11137,AVLP077,1
11137,AVLP149,1
11137,AVLP449,1
11137,CB1932,1
531898,LoVP53,1
11137,ANXXX050,1
531898,PS038,1
531898,MeVC1,1
531898,MeVC25,1
531898,PPM1203,1
11137,AVLP396,1
11137,AVLP372,1
531898,PLP219,1
11137,AVLP203_a,1
531898,PLP015,1
11137,AVLP283,1
11137,AVLP259,1
531898,LAL195,1
531898,LAL099,1
11137,AVLP544,1
531898,PVLP097,1
531898,IN05B086,1
11137,AN09B035,1
11137,AN10B039,1
531898,IN06B016,1
531898,IN06B028,1
531898,IN07B058,1
531898,IN11A008,1
531898,PLP150,1
531898,IN11A021,1
531898,IN11A030,1
11137,AN17A003,1
11137,AN17A013,1
531898,LAL029_e,1
531898,IN11A032_c,1
531898,IN11A041,1
531898,IN21A028,1
531898,IN21A034,1
531898,PVLP085,1
11137,AN17A014,1
531898,IN23B008,1
531898,IN23B018,1
11137,AN17A024,1
531898,LAL026_a,1
11137,AN17A073,1
11137,PLP018,1
11137,CL268,1
531898,DNpe052,1
11137,GNG602,1
531898,AN00A002,1
11137,GNG502,1
11137,GNG504,1
11137,aIPg_m2,1
11137,WEDPN6B,1
11137,WED208,1
11137,WED188,1
11137,GNG640,1
531898,AN05B102a,1
11137,GNG661,1
11137,GNG671,1
11137,IN00A016,1
11137,IN00A029,1
11137,WED046,1
11137,VP2+VC5_l2PN,1
11137,VES005,1
531898,AN01A049,1
531898,AN07B004,1
11137,SAD200m,1
531898,AN09B035,1
531898,AN17A026,1
531898,AN17A018,1
531898,AN17A015,1
531898,AN17A003,1
531898,AN10B035,1
11137,GNG295,1
531898,AN10B015,1
531898,AN09B027,1
531898,AN07B116,1
531898,AN09B024,1
531898,AN09A005,1
531898,AN08B109,1
531898,AN08B099_e,1
531898,AN08B081,1
531898,AN08B010,1
531898,AN08B009,1
11137,IN05B002,1
11137,SAD106,1
531898,DNpe050,1
11137,LAL195,1
11137,IN11A021,1
11137,IN11A030,1
11137,PVLP061,1
11137,IN11A032_e,1
11137,IN23B008,1
11137,IN23B078,1
11137,IN23B096,1
11137,LT61a,1
11137,PVLP072,1
11137,LT83,1
11137,PVLP017,1
11137,LoVC16,1
11137,PPM1203,1
11137,PLP219,1
11137,OA-VUMa4,1
11137,OCG06,1
11137,PVLP071,1
11137,IN11A017,1
11137,IN05B072_b,1
11137,PVLP124,1
11137,SAD091,1
11137,SAD073,1
11137,SAD053,1
11137,SAD049,1
11137,IN06B008,1
11137,IN06B016,1
11137,IN06B024,1
11137,IN06B035,1
11137,IN11A016,1
11137,IN06B054,1
11137,IN06B056,1
11137,PVLP108,1
11137,IN10B032,1
11137,PVLP106,1
11137,IN11A008,1
11137,IN11A014,1
531898,AN17A031,1
531898,AN17B008,1
531898,AN17B012,1
531898,CB3879,1
531898,CL121_b,1
531898,CL121_a,1
11137,CB4180,1
11137,CB4246,1
11137,CL001,1
531898,CB4169,1
11137,PLP023,1
11137,CL286,1
11137,CB4162,1
11137,CL335,1
11137,DNbe003,1
531898,CB3384,1
531898,CB2940,1
531898,CB2676,1
11137,DNg56,1
531898,CB1934,1
531898,CL252,1
11137,CB4118,1
531898,AN18B004,1
11137,CB3445,1
531898,DNpe045,1
11137,CB2254,1
531898,DNp43,1
531898,DNp30,1
531898,DNp13,1
531898,DNp11,1
11137,CB3411,1
531898,DNge140,1
531898,DNd02,1
531898,DNge130,1
531898,DNge053,1
531898,DNge047,1
531898,DNge038,1
531898,DNg30,1
531898,DNg29,1
531898,DNg01_unclear,1
531898,CB1932,1
11137,DNge048,1
531898,CB1654,1
531898,AVLP093,1
11137,DNp11,1
531898,AVLP306,1
531898,AVLP205,1
531898,AVLP204,1
11137,DNp36,1
531898,AVLP201,1
531898,AVLP132,1
11137,DNp42,1
11137,DNge102,1
11137,DNpe039,1
531898,AVLP016,1
531898,AVLP005,1
531898,AVLP001,1
531898,ANXXX055,1
531898,ANXXX005,1
11137,GFC3,1
11137,DNp09,1
531898,AVLP449,1
11137,DNp03,1
531898,AVLP476,1
531898,CB1498,1
531898,CB1280,1
11137,DNge129,1
531898,CB0440,1
11137,DNge131,1
531898,CB0115,1
531898,AVLP746m,1
531898,AVLP745m,1
531898,AVLP722m,1
531898,AVLP601,1
531898,AVLP593,1
531898,AVLP559,1
11137,DNge182,1
531898,AVLP536,1
531898,AVLP532,1
531898,AN08B097,1
