bodyId,type,instance,side,predictedNt,status
10010,DNp01,DNp01(GF)_L,left,acetylcholine,Traced
10001,DNp01,DNp01(GF)_R,right,acetylcholine,Traced
10228,DNp06,DNp06_L,left,acetylcholine,Traced
10584,DNp06,DNp06_R,right,acetylcholine,Traced
12032,LC4,LC4_L,left,acetylcholine,Traced
12349,LC4,LC4_L,left,acetylcholine,Traced
12824,LC4,LC4_L,left,acetylcholine,Traced
14888,LC4,LC4_L,left,acetylcholine,Traced
15018,LC4,LC4_L,left,acetylcholine,Traced
16809,LC4,LC4_L,left,acetylcholine,Traced
16917,LC4,LC4_L,left,acetylcholine,Traced
17270,LC4,LC4_L,left,acetylcholine,Traced
17340,LC4,LC4_L,left,acetylcholine,Traced
17478,LC4,LC4_L,left,acetylcholine,Traced
17608,LC4,LC4_L,left,acetylcholine,Traced
17653,LC4,LC4_L,left,acetylcholine,Traced
18396,LC4,LC4_L,left,acetylcholine,Traced
18432,LC4,LC4_L,left,acetylcholine,Traced
18478,LC4,LC4_L,left,acetylcholine,Traced
20440,LC4,LC4_L,left,acetylcholine,Traced
20572,LC4,LC4_L,left,acetylcholine,Traced
20859,LC4,LC4_L,left,acetylcholine,Traced
20967,LC4,LC4_L,left,acetylcholine,Traced
20976,LC4,LC4_L,left,acetylcholine,Traced
21721,LC4,LC4_L,left,acetylcholine,Traced
22772,LC4,LC4_L,left,acetylcholine,Traced
22922,LC4,LC4_L,left,acetylcholine,Traced
23202,LC4,LC4_L,left,acetylcholine,Traced
23226,LC4,LC4_L,left,acetylcholine,Traced
24523,LC4,LC4_L,left,acetylcholine,Traced
27624,LC4,LC4_L,left,acetylcholine,Traced
27750,LC4,LC4_L,left,acetylcholine,Traced
27829,LC4,LC4_L,left,acetylcholine,Traced
28980,LC4,LC4_L,left,acetylcholine,Traced
29417,LC4,LC4_L,left,acetylcholine,Traced
29469,LC4,LC4_L,left,acetylcholine,Traced
29514,LC4,LC4_L,left,acetylcholine,Traced
30087,LC4,LC4_L,left,acetylcholine,Traced
31301,LC4,LC4_L,left,acetylcholine,Traced
31308,LC4,LC4_L,left,acetylcholine,Traced
31429,LC4,LC4_L,left,acetylcholine,Traced
32597,LC4,LC4_L,left,acetylcholine,Traced
33137,LC4,LC4_L,left,acetylcholine,Traced
34845,LC4,LC4_L,left,acetylcholine,Traced
35262,LC4,LC4_L,left,acetylcholine,Traced
35616,LC4,LC4_L,left,acetylcholine,Traced
37587,LC4,LC4_L,left,acetylcholine,Traced
77614,LC4,LC4_L,left,acetylcholine,Traced
81112,LC4,LC4_L,left,acetylcholine,Traced
100485,LC4,LC4_L,left,acetylcholine,Traced
107513,LC4,LC4_L,left,acetylcholine,Traced
111787,LC4,LC4_L,left,acetylcholine,Traced
511914,LC4,LC4_L,left,acetylcholine,Traced
512366,LC4,LC4_L,left,acetylcholine,Traced
512705,LC4,LC4_L,left,acetylcholine,Traced
514508,LC4,LC4_L,left,acetylcholine,Traced
514956,LC4,LC4_L,left,acetylcholine,Traced
515476,LC4,LC4_L,left,acetylcholine,Traced
515900,LC4,LC4_L,left,acetylcholine,Traced
516909,LC4,LC4_L,left,acetylcholine,Traced
517752,LC4,LC4_L,left,acetylcholine,Traced
518016,LC4,LC4_L,left,acetylcholine,Traced
518439,LC4,LC4_L,left,acetylcholine,Traced
518544,LC4,LC4_L,left,acetylcholine,Traced
518730,LC4,LC4_L,left,acetylcholine,Traced
518983,LC4,LC4_L,left,acetylcholine,Traced
519650,LC4,LC4_L,left,acetylcholine,Traced
519931,LC4,LC4_L,left,acetylcholine,Traced
520449,LC4,LC4_L,left,acetylcholine,Traced
524899,LC4,LC4_L,left,acetylcholine,Traced
526286,LC4,LC4_L,left,acetylcholine,Traced
530029,LC4,LC4_L,left,acetylcholine,Traced
532254,LC4,LC4_L,left,acetylcholine,Traced
533129,LC4,LC4_L,left,acetylcholine,Traced
535341,LC4,LC4_L,left,acetylcholine,Traced
16128,LC4,LC4_R,right,acetylcholine,Traced
16138,LC4,LC4_R,right,acetylcholine,Traced
16628,LC4,LC4_R,right,acetylcholine,Traced
17054,LC4,LC4_R,right,acetylcholine,Traced
17266,LC4,LC4_R,right,acetylcholine,Traced
17364,LC4,LC4_R,right,acetylcholine,Traced
17548,LC4,LC4_R,right,acetylcholine,Traced
17668,LC4,LC4_R,right,acetylcholine,Traced
17860,LC4,LC4_R,right,acetylcholine,Traced
17926,LC4,LC4_R,right,acetylcholine,Traced
17987,LC4,LC4_R,right,acetylcholine,Traced
18127,LC4,LC4_R,right,acetylcholine,Traced
18189,LC4,LC4_R,right,acetylcholine,Traced
19260,LC4,LC4_R,right,acetylcholine,Traced
19420,LC4,LC4_R,right,acetylcholine,Traced
19543,LC4,LC4_R,right,acetylcholine,Traced
19550,LC4,LC4_R,right,acetylcholine,Traced
19634,LC4,LC4_R,right,acetylcholine,Traced
19794,LC4,LC4_R,right,acetylcholine,Traced
19954,LC4,LC4_R,right,acetylcholine,Traced
20016,LC4,LC4_R,right,acetylcholine,Traced
20282,LC4,LC4_R,right,acetylcholine,Traced
20399,LC4,LC4_R,right,acetylcholine,Traced
20542,LC4,LC4_R,right,acetylcholine,Traced
20588,LC4,LC4_R,right,acetylcholine,Traced
20673,LC4,LC4_R,right,acetylcholine,Traced
20808,LC4,LC4_R,right,acetylcholine,Traced
20917,LC4,LC4_R,right,acetylcholine,Traced
21151,LC4,LC4_R,right,acetylcholine,Traced
21165,LC4,LC4_R,right,acetylcholine,Traced
21225,LC4,LC4_R,right,acetylcholine,Traced
21287,LC4,LC4_R,right,acetylcholine,Traced
21313,LC4,LC4_R,right,acetylcholine,Traced
21336,LC4,LC4_R,right,acetylcholine,Traced
21804,LC4,LC4_R,right,acetylcholine,Traced
22034,LC4,LC4_R,right,acetylcholine,Traced
22194,LC4,LC4_R,right,acetylcholine,Traced
22328,LC4,LC4_R,right,acetylcholine,Traced
22847,LC4,LC4_R,right,acetylcholine,Traced
22966,LC4,LC4_R,right,acetylcholine,Traced
22975,LC4,LC4_R,right,acetylcholine,Traced
23098,LC4,LC4_R,right,acetylcholine,Traced
23392,LC4,LC4_R,right,acetylcholine,Traced
23792,LC4,LC4_R,right,acetylcholine,Traced
23929,LC4,LC4_R,right,acetylcholine,Traced
24338,LC4,LC4_R,right,acetylcholine,Traced
25584,LC4,LC4_R,right,acetylcholine,Traced
26112,LC4,LC4_R,right,acetylcholine,Traced
28945,LC4,LC4_R,right,acetylcholine,Traced
29563,LC4,LC4_R,right,acetylcholine,Traced
30480,LC4,LC4_R,right,acetylcholine,Traced
30803,LC4,LC4_R,right,acetylcholine,Traced
31262,LC4,LC4_R,right,acetylcholine,Traced
38065,LC4,LC4_R,right,acetylcholine,Traced
527408,LC4,LC4_R,right,acetylcholine,Traced
11498,LPLC2,LPLC2_L,left,acetylcholine,Traced
12384,LPLC2,LPLC2_L,left,acetylcholine,Traced
13132,LPLC2,LPLC2_L,left,acetylcholine,Traced
13726,LPLC2,LPLC2_L,left,acetylcholine,Traced
13764,LPLC2,LPLC2_L,left,acetylcholine,Traced
14030,LPLC2,LPLC2_L,left,acetylcholine,Traced
14102,LPLC2,LPLC2_L,left,acetylcholine,Traced
15804,LPLC2,LPLC2_L,left,acetylcholine,Traced
17059,LPLC2,LPLC2_L,left,acetylcholine,Traced
17544,LPLC2,LPLC2_L,left,acetylcholine,Traced
17774,LPLC2,LPLC2_L,left,acetylcholine,Traced
17775,LPLC2,LPLC2_L,left,acetylcholine,Traced
17880,LPLC2,LPLC2_L,left,acetylcholine,Traced
17990,LPLC2,LPLC2_L,left,acetylcholine,Traced
18900,LPLC2,LPLC2_L,left,acetylcholine,Traced
18936,LPLC2,LPLC2_L,left,acetylcholine,Traced
19787,LPLC2,LPLC2_L,left,acetylcholine,Traced
19830,LPLC2,LPLC2_L,left,acetylcholine,Traced
19911,LPLC2,LPLC2_L,left,acetylcholine,Traced
20240,LPLC2,LPLC2_L,left,acetylcholine,Traced
20329,LPLC2,LPLC2_L,left,acetylcholine,Traced
20799,LPLC2,LPLC2_L,left,acetylcholine,Traced
21299,LPLC2,LPLC2_L,left,acetylcholine,Traced
21361,LPLC2,LPLC2_L,left,acetylcholine,Traced
22253,LPLC2,LPLC2_L,left,acetylcholine,Traced
22557,LPLC2,LPLC2_L,left,acetylcholine,Traced
23247,LPLC2,LPLC2_L,left,acetylcholine,Traced
23349,LPLC2,LPLC2_L,left,acetylcholine,Traced
23550,LPLC2,LPLC2_L,left,acetylcholine,Traced
23665,LPLC2,LPLC2_L,left,acetylcholine,Traced
23919,LPLC2,LPLC2_L,left,acetylcholine,Traced
24308,LPLC2,LPLC2_L,left,acetylcholine,Traced
24568,LPLC2,LPLC2_L,left,acetylcholine,Traced
24605,LPLC2,LPLC2_L,left,acetylcholine,Traced
24840,LPLC2,LPLC2_L,left,acetylcholine,Traced
25027,LPLC2,LPLC2_L,left,acetylcholine,Traced
25136,LPLC2,LPLC2_L,left,acetylcholine,Traced
25209,LPLC2,LPLC2_L,left,acetylcholine,Traced
25286,LPLC2,LPLC2_L,left,acetylcholine,Traced
25524,LPLC2,LPLC2_L,left,acetylcholine,Traced
25572,LPLC2,LPLC2_L,left,acetylcholine,Traced
25575,LPLC2,LPLC2_L,left,acetylcholine,Traced
25854,LPLC2,LPLC2_L,left,acetylcholine,Traced
26416,LPLC2,LPLC2_L,left,acetylcholine,Traced
26528,LPLC2,LPLC2_L,left,acetylcholine,Traced
27023,LPLC2,LPLC2_L,left,acetylcholine,Traced
27355,LPLC2,LPLC2_L,left,acetylcholine,Traced
27399,LPLC2,LPLC2_L,left,acetylcholine,Traced
27716,LPLC2,LPLC2_L,left,acetylcholine,Traced
27796,LPLC2,LPLC2_L,left,acetylcholine,Traced
28011,LPLC2,LPLC2_L,left,acetylcholine,Traced
28188,LPLC2,LPLC2_L,left,acetylcholine,Traced
29319,LPLC2,LPLC2_L,left,acetylcholine,Traced
29702,LPLC2,LPLC2_L,left,acetylcholine,Traced
29753,LPLC2,LPLC2_L,left,acetylcholine,Traced
29815,LPLC2,LPLC2_L,left,acetylcholine,Traced
29955,LPLC2,LPLC2_L,left,acetylcholine,Traced
30512,LPLC2,LPLC2_L,left,acetylcholine,Traced
30893,LPLC2,LPLC2_L,left,acetylcholine,Traced
30895,LPLC2,LPLC2_L,left,acetylcholine,Traced
31105,LPLC2,LPLC2_L,left,acetylcholine,Traced
31563,LPLC2,LPLC2_L,left,acetylcholine,Traced
32223,LPLC2,LPLC2_L,left,acetylcholine,Traced
32237,LPLC2,LPLC2_L,left,acetylcholine,Traced
32737,LPLC2,LPLC2_L,left,acetylcholine,Traced
33303,LPLC2,LPLC2_L,left,acetylcholine,Traced
33406,LPLC2,LPLC2_L,left,acetylcholine,Traced
33965,LPLC2,LPLC2_L,left,acetylcholine,Traced
34051,LPLC2,LPLC2_L,left,acetylcholine,Traced
34407,LPLC2,LPLC2_L,left,acetylcholine,Traced
34655,LPLC2,LPLC2_L,left,acetylcholine,Traced
35294,LPLC2,LPLC2_L,left,acetylcholine,Traced
40811,LPLC2,LPLC2_L,left,acetylcholine,Traced
40841,LPLC2,LPLC2_L,left,acetylcholine,Traced
41097,LPLC2,LPLC2_L,left,acetylcholine,Traced
95241,LPLC2,LPLC2_L,left,acetylcholine,Traced
100103,LPLC2,LPLC2_L,left,acetylcholine,Traced
111903,LPLC2,LPLC2_L,left,acetylcholine,Traced
112292,LPLC2,LPLC2_L,left,acetylcholine,Traced
129687,LPLC2,LPLC2_L,left,acetylcholine,Traced
134521,LPLC2,LPLC2_L,left,acetylcholine,Traced
514670,LPLC2,LPLC2_L,left,acetylcholine,Traced
515971,LPLC2,LPLC2_L,left,acetylcholine,Traced
517078,LPLC2,LPLC2_L,left,acetylcholine,Traced
517079,LPLC2,LPLC2_L,left,acetylcholine,Traced
517819,LPLC2,LPLC2_L,left,acetylcholine,Traced
518731,LPLC2,LPLC2_L,left,acetylcholine,Traced
520764,LPLC2,LPLC2_L,left,acetylcholine,Traced
521115,LPLC2,LPLC2_L,left,acetylcholine,Traced
524366,LPLC2,LPLC2_L,left,acetylcholine,Traced
525844,LPLC2,LPLC2_L,left,acetylcholine,Traced
531014,LPLC2,LPLC2_L,left,acetylcholine,Traced
533895,LPLC2,LPLC2_L,left,acetylcholine,Traced
536444,LPLC2,LPLC2_L,left,acetylcholine,Traced
14465,LPLC2,LPLC2_R,right,acetylcholine,Traced
17551,LPLC2,LPLC2_R,right,acetylcholine,Traced
18672,LPLC2,LPLC2_R,right,acetylcholine,Traced
18929,LPLC2,LPLC2_R,right,acetylcholine,Traced
19034,LPLC2,LPLC2_R,right,acetylcholine,Traced
19146,LPLC2,LPLC2_R,right,acetylcholine,Traced
19229,LPLC2,LPLC2_R,right,acetylcholine,Traced
19249,LPLC2,LPLC2_R,right,acetylcholine,Traced
19549,LPLC2,LPLC2_R,right,acetylcholine,Traced
19589,LPLC2,LPLC2_R,right,acetylcholine,Traced
19608,LPLC2,LPLC2_R,right,acetylcholine,Traced
19842,LPLC2,LPLC2_R,right,acetylcholine,Traced
20047,LPLC2,LPLC2_R,right,acetylcholine,Traced
20103,LPLC2,LPLC2_R,right,acetylcholine,Traced
20162,LPLC2,LPLC2_R,right,acetylcholine,Traced
20182,LPLC2,LPLC2_R,right,acetylcholine,Traced
20269,LPLC2,LPLC2_R,right,acetylcholine,Traced
20334,LPLC2,LPLC2_R,right,acetylcholine,Traced
20471,LPLC2,LPLC2_R,right,acetylcholine,Traced
20535,LPLC2,LPLC2_R,right,acetylcholine,Traced
20584,LPLC2,LPLC2_R,right,acetylcholine,Traced
20694,LPLC2,LPLC2_R,right,acetylcholine,Traced
20749,LPLC2,LPLC2_R,right,acetylcholine,Traced
21045,LPLC2,LPLC2_R,right,acetylcholine,Traced
21318,LPLC2,LPLC2_R,right,acetylcholine,Traced
21562,LPLC2,LPLC2_R,right,acetylcholine,Traced
21703,LPLC2,LPLC2_R,right,acetylcholine,Traced
21769,LPLC2,LPLC2_R,right,acetylcholine,Traced
21808,LPLC2,LPLC2_R,right,acetylcholine,Traced
21862,LPLC2,LPLC2_R,right,acetylcholine,Traced
21899,LPLC2,LPLC2_R,right,acetylcholine,Traced
22218,LPLC2,LPLC2_R,right,acetylcholine,Traced
22261,LPLC2,LPLC2_R,right,acetylcholine,Traced
22677,LPLC2,LPLC2_R,right,acetylcholine,Traced
23497,LPLC2,LPLC2_R,right,acetylcholine,Traced
23590,LPLC2,LPLC2_R,right,acetylcholine,Traced
23878,LPLC2,LPLC2_R,right,acetylcholine,Traced
24118,LPLC2,LPLC2_R,right,acetylcholine,Traced
24187,LPLC2,LPLC2_R,right,acetylcholine,Traced
24268,LPLC2,LPLC2_R,right,acetylcholine,Traced
24401,LPLC2,LPLC2_R,right,acetylcholine,Traced
24800,LPLC2,LPLC2_R,right,acetylcholine,Traced
25253,LPLC2,LPLC2_R,right,acetylcholine,Traced
25267,LPLC2,LPLC2_R,right,acetylcholine,Traced
25316,LPLC2,LPLC2_R,right,acetylcholine,Traced
25497,LPLC2,LPLC2_R,right,acetylcholine,Traced
25511,LPLC2,LPLC2_R,right,acetylcholine,Traced
25636,LPLC2,LPLC2_R,right,acetylcholine,Traced
26147,LPLC2,LPLC2_R,right,acetylcholine,Traced
26393,LPLC2,LPLC2_R,right,acetylcholine,Traced
26730,LPLC2,LPLC2_R,right,acetylcholine,Traced
26915,LPLC2,LPLC2_R,right,acetylcholine,Traced
27471,LPLC2,LPLC2_R,right,acetylcholine,Traced
27566,LPLC2,LPLC2_R,right,acetylcholine,Traced
28003,LPLC2,LPLC2_R,right,acetylcholine,Traced
28044,LPLC2,LPLC2_R,right,acetylcholine,Traced
28741,LPLC2,LPLC2_R,right,acetylcholine,Traced
28871,LPLC2,LPLC2_R,right,acetylcholine,Traced
29014,LPLC2,LPLC2_R,right,acetylcholine,Traced
29183,LPLC2,LPLC2_R,right,acetylcholine,Traced
29216,LPLC2,LPLC2_R,right,acetylcholine,Traced
29287,LPLC2,LPLC2_R,right,acetylcholine,Traced
29391,LPLC2,LPLC2_R,right,acetylcholine,Traced
29598,LPLC2,LPLC2_R,right,acetylcholine,Traced
29873,LPLC2,LPLC2_R,right,acetylcholine,Traced
29986,LPLC2,LPLC2_R,right,acetylcholine,Traced
30041,LPLC2,LPLC2_R,right,acetylcholine,Traced
30207,LPLC2,LPLC2_R,right,acetylcholine,Traced
30938,LPLC2,LPLC2_R,right,acetylcholine,Traced
31257,LPLC2,LPLC2_R,right,acetylcholine,Traced
31964,LPLC2,LPLC2_R,right,acetylcholine,Traced
31988,LPLC2,LPLC2_R,right,acetylcholine,Traced
32507,LPLC2,LPLC2_R,right,acetylcholine,Traced
33185,LPLC2,LPLC2_R,right,acetylcholine,Traced
33396,LPLC2,LPLC2_R,right,acetylcholine,Traced
33439,LPLC2,LPLC2_R,right,acetylcholine,Traced
33694,LPLC2,LPLC2_R,right,acetylcholine,Traced
34110,LPLC2,LPLC2_R,right,acetylcholine,Traced
34372,LPLC2,LPLC2_R,right,acetylcholine,Traced
34681,LPLC2,LPLC2_R,right,acetylcholine,Traced
35632,LPLC2,LPLC2_R,right,acetylcholine,Traced
35680,LPLC2,LPLC2_R,right,acetylcholine,Traced
35838,LPLC2,LPLC2_R,right,acetylcholine,Traced
35889,LPLC2,LPLC2_R,right,acetylcholine,Traced
37431,LPLC2,LPLC2_R,right,acetylcholine,Traced
37613,LPLC2,LPLC2_R,right,acetylcholine,Traced
37925,LPLC2,LPLC2_R,right,acetylcholine,Traced
38542,LPLC2,LPLC2_R,right,acetylcholine,Traced
39620,LPLC2,LPLC2_R,right,acetylcholine,Traced
50287,LPLC2,LPLC2_R,right,acetylcholine,Traced
55627,LPLC2,LPLC2_R,right,acetylcholine,Traced
