bodyId,type,side,population,role,predicted_nt,predicted_nt_confidence,consensus_nt,nt_evidence
10010,DNp01,left,readout,primary,acetylcholine,0.557140683373016,acetylcholine,predicted
10001,DNp01,right,readout,primary,acetylcholine,0.5004955542656235,acetylcholine,predicted
10197,DNp02,left,readout,secondary,acetylcholine,0.9159098167097302,acetylcholine,predicted
10117,DNp02,right,readout,secondary,acetylcholine,0.8450423680625282,acetylcholine,predicted
531898,DNp04,left,readout,secondary,acetylcholine,0.961419260534768,acetylcholine,predicted
11137,DNp04,right,readout,secondary,acetylcholine,0.966145372598192,acetylcholine,predicted
10228,DNp06,left,readout,secondary,acetylcholine,0.9495065879467789,acetylcholine,predicted
10584,DNp06,right,readout,secondary,acetylcholine,0.9496455095554229,acetylcholine,predicted
10259,DNp11,left,readout,secondary,acetylcholine,0.9347718335345766,acetylcholine,predicted
10106,DNp11,right,readout,secondary,acetylcholine,0.9111542945898922,acetylcholine,predicted
12032,LC4,left,visual_input,looming_sensor,acetylcholine,0.9590470461080031,acetylcholine,predicted
12349,LC4,left,visual_input,looming_sensor,acetylcholine,0.9604427416311759,acetylcholine,predicted
12824,LC4,left,visual_input,looming_sensor,acetylcholine,0.9574091540797885,acetylcholine,predicted
14888,LC4,left,visual_input,looming_sensor,acetylcholine,0.9609048330533637,acetylcholine,predicted
15018,LC4,left,visual_input,looming_sensor,acetylcholine,0.9668874294010709,acetylcholine,predicted
16809,LC4,left,visual_input,looming_sensor,acetylcholine,0.9661320748283181,acetylcholine,predicted
16917,LC4,left,visual_input,looming_sensor,acetylcholine,0.9296315119048634,acetylcholine,predicted
17270,LC4,left,visual_input,looming_sensor,acetylcholine,0.9660372286948378,acetylcholine,predicted
17340,LC4,left,visual_input,looming_sensor,acetylcholine,0.9723143992283827,acetylcholine,predicted
17478,LC4,left,visual_input,looming_sensor,acetylcholine,0.9728713899636966,acetylcholine,predicted
17608,LC4,left,visual_input,looming_sensor,acetylcholine,0.9516361466954979,acetylcholine,predicted
17653,LC4,left,visual_input,looming_sensor,acetylcholine,0.9747326673375373,acetylcholine,predicted
18396,LC4,left,visual_input,looming_sensor,acetylcholine,0.9410451221006999,acetylcholine,predicted
18432,LC4,left,visual_input,looming_sensor,acetylcholine,0.9747326673375373,acetylcholine,predicted
18478,LC4,left,visual_input,looming_sensor,acetylcholine,0.9646737400178687,acetylcholine,predicted
20440,LC4,left,visual_input,looming_sensor,acetylcholine,0.9636730386480551,acetylcholine,predicted
20572,LC4,left,visual_input,looming_sensor,acetylcholine,0.9610029490011104,acetylcholine,predicted
20859,LC4,left,visual_input,looming_sensor,acetylcholine,0.9684721765596123,acetylcholine,predicted
20967,LC4,left,visual_input,looming_sensor,acetylcholine,0.9694480596439623,acetylcholine,predicted
20976,LC4,left,visual_input,looming_sensor,acetylcholine,0.9683753869973899,acetylcholine,predicted
21721,LC4,left,visual_input,looming_sensor,acetylcholine,0.9635012816132142,acetylcholine,predicted
22772,LC4,left,visual_input,looming_sensor,acetylcholine,0.969100649786823,acetylcholine,predicted
22922,LC4,left,visual_input,looming_sensor,acetylcholine,0.9719277730602193,acetylcholine,predicted
23202,LC4,left,visual_input,looming_sensor,acetylcholine,0.9609260859900681,acetylcholine,predicted
23226,LC4,left,visual_input,looming_sensor,acetylcholine,0.9036210648736546,acetylcholine,predicted
24523,LC4,left,visual_input,looming_sensor,acetylcholine,0.9674370909986699,acetylcholine,predicted
27624,LC4,left,visual_input,looming_sensor,acetylcholine,0.9503948571502981,acetylcholine,predicted
27750,LC4,left,visual_input,looming_sensor,acetylcholine,0.9215149185560919,acetylcholine,predicted
27829,LC4,left,visual_input,looming_sensor,acetylcholine,0.959426415822869,acetylcholine,predicted
28980,LC4,left,visual_input,looming_sensor,acetylcholine,0.9626759578262883,acetylcholine,predicted
29417,LC4,left,visual_input,looming_sensor,acetylcholine,0.9508279270392025,acetylcholine,predicted
29469,LC4,left,visual_input,looming_sensor,acetylcholine,0.955919793531394,acetylcholine,predicted
29514,LC4,left,visual_input,looming_sensor,acetylcholine,0.961102319500704,acetylcholine,predicted
30087,LC4,left,visual_input,looming_sensor,acetylcholine,0.9580777169156861,acetylcholine,predicted
31301,LC4,left,visual_input,looming_sensor,acetylcholine,0.9688197068999093,acetylcholine,predicted
31308,LC4,left,visual_input,looming_sensor,acetylcholine,0.9642624047418099,acetylcholine,predicted
31429,LC4,left,visual_input,looming_sensor,acetylcholine,0.9629144217851269,acetylcholine,predicted
32597,LC4,left,visual_input,looming_sensor,acetylcholine,0.9583741852104519,acetylcholine,predicted
33137,LC4,left,visual_input,looming_sensor,acetylcholine,0.962822979681173,acetylcholine,predicted
34845,LC4,left,visual_input,looming_sensor,acetylcholine,0.9480578821160757,acetylcholine,predicted
35262,LC4,left,visual_input,looming_sensor,acetylcholine,0.9684090558439293,acetylcholine,predicted
35616,LC4,left,visual_input,looming_sensor,acetylcholine,0.9714165471437943,acetylcholine,predicted
37587,LC4,left,visual_input,looming_sensor,acetylcholine,0.9375773970050842,acetylcholine,predicted
77614,LC4,left,visual_input,looming_sensor,acetylcholine,0.9624433272474251,acetylcholine,predicted
81112,LC4,left,visual_input,looming_sensor,acetylcholine,0.966254017960694,acetylcholine,predicted
100485,LC4,left,visual_input,looming_sensor,acetylcholine,0.9441555173225762,acetylcholine,predicted
107513,LC4,left,visual_input,looming_sensor,acetylcholine,0.9303247888138052,acetylcholine,predicted
111787,LC4,left,visual_input,looming_sensor,acetylcholine,0.9413525424459154,acetylcholine,predicted
511914,LC4,left,visual_input,looming_sensor,acetylcholine,0.9262266409151387,acetylcholine,predicted
512366,LC4,left,visual_input,looming_sensor,acetylcholine,0.9609549569376338,acetylcholine,predicted
512705,LC4,left,visual_input,looming_sensor,acetylcholine,0.968430694967923,acetylcholine,predicted
514508,LC4,left,visual_input,looming_sensor,acetylcholine,0.9690175816813552,acetylcholine,predicted
514956,LC4,left,visual_input,looming_sensor,acetylcholine,0.9716735963224868,acetylcholine,predicted
515476,LC4,left,visual_input,looming_sensor,acetylcholine,0.961444491926156,acetylcholine,predicted
515900,LC4,left,visual_input,looming_sensor,acetylcholine,0.9694046614297739,acetylcholine,predicted
516909,LC4,left,visual_input,looming_sensor,acetylcholine,0.9690302532888261,acetylcholine,predicted
517752,LC4,left,visual_input,looming_sensor,acetylcholine,0.9396756834544348,acetylcholine,predicted
518016,LC4,left,visual_input,looming_sensor,acetylcholine,0.9682247287003968,acetylcholine,predicted
518439,LC4,left,visual_input,looming_sensor,acetylcholine,0.9576842167613402,acetylcholine,predicted
518544,LC4,left,visual_input,looming_sensor,acetylcholine,0.9535777840319114,acetylcholine,predicted
518730,LC4,left,visual_input,looming_sensor,acetylcholine,0.9597557200792062,acetylcholine,predicted
518983,LC4,left,visual_input,looming_sensor,acetylcholine,0.9693805752188591,acetylcholine,predicted
519650,LC4,left,visual_input,looming_sensor,acetylcholine,0.9747326673375372,acetylcholine,predicted
519931,LC4,left,visual_input,looming_sensor,acetylcholine,0.9718926615537063,acetylcholine,predicted
520449,LC4,left,visual_input,looming_sensor,acetylcholine,0.9610306185695976,acetylcholine,predicted
524899,LC4,left,visual_input,looming_sensor,acetylcholine,0.9698474002757187,acetylcholine,predicted
526286,LC4,left,visual_input,looming_sensor,acetylcholine,0.9684498107033492,acetylcholine,predicted
530029,LC4,left,visual_input,looming_sensor,acetylcholine,0.9590374189282397,acetylcholine,predicted
532254,LC4,left,visual_input,looming_sensor,acetylcholine,0.9747326673375373,acetylcholine,predicted
533129,LC4,left,visual_input,looming_sensor,acetylcholine,0.9650506896155493,acetylcholine,predicted
535341,LC4,left,visual_input,looming_sensor,acetylcholine,0.9682897711832469,acetylcholine,predicted
16128,LC4,right,visual_input,looming_sensor,acetylcholine,0.9510266116701801,acetylcholine,predicted
16138,LC4,right,visual_input,looming_sensor,acetylcholine,0.9637571785129073,acetylcholine,predicted
16628,LC4,right,visual_input,looming_sensor,acetylcholine,0.9614202036385276,acetylcholine,predicted
17054,LC4,right,visual_input,looming_sensor,acetylcholine,0.961956356236583,acetylcholine,predicted
17266,LC4,right,visual_input,looming_sensor,acetylcholine,0.9705763343828453,acetylcholine,predicted
17364,LC4,right,visual_input,looming_sensor,acetylcholine,0.9531211457336789,acetylcholine,predicted
17548,LC4,right,visual_input,looming_sensor,acetylcholine,0.9587211573373126,acetylcholine,predicted
17668,LC4,right,visual_input,looming_sensor,acetylcholine,0.93414647853245,acetylcholine,predicted
17860,LC4,right,visual_input,looming_sensor,acetylcholine,0.9607147293581528,acetylcholine,predicted
17926,LC4,right,visual_input,looming_sensor,acetylcholine,0.9271884278365842,acetylcholine,predicted
17987,LC4,right,visual_input,looming_sensor,acetylcholine,0.9564677493587437,acetylcholine,predicted
18127,LC4,right,visual_input,looming_sensor,acetylcholine,0.9676432550706602,acetylcholine,predicted
18189,LC4,right,visual_input,looming_sensor,acetylcholine,0.9608231128189743,acetylcholine,predicted
19260,LC4,right,visual_input,looming_sensor,acetylcholine,0.9603373795067649,acetylcholine,predicted
19420,LC4,right,visual_input,looming_sensor,acetylcholine,0.9615833943561014,acetylcholine,predicted
19543,LC4,right,visual_input,looming_sensor,acetylcholine,0.9572497167980868,acetylcholine,predicted
19550,LC4,right,visual_input,looming_sensor,acetylcholine,0.9663551449510355,acetylcholine,predicted
19634,LC4,right,visual_input,looming_sensor,acetylcholine,0.9669544928610335,acetylcholine,predicted
19794,LC4,right,visual_input,looming_sensor,acetylcholine,0.9543835203259792,acetylcholine,predicted
19954,LC4,right,visual_input,looming_sensor,acetylcholine,0.9688685963712497,acetylcholine,predicted
20016,LC4,right,visual_input,looming_sensor,acetylcholine,0.9693046046740365,acetylcholine,predicted
20282,LC4,right,visual_input,looming_sensor,acetylcholine,0.9564473160461522,acetylcholine,predicted
20399,LC4,right,visual_input,looming_sensor,acetylcholine,0.9598578910655974,acetylcholine,predicted
20542,LC4,right,visual_input,looming_sensor,acetylcholine,0.963687864545836,acetylcholine,predicted
20588,LC4,right,visual_input,looming_sensor,acetylcholine,0.9669595669385621,acetylcholine,predicted
20673,LC4,right,visual_input,looming_sensor,acetylcholine,0.9747326673375373,acetylcholine,predicted
20808,LC4,right,visual_input,looming_sensor,acetylcholine,0.968885231408207,acetylcholine,predicted
20917,LC4,right,visual_input,looming_sensor,acetylcholine,0.972118851941928,acetylcholine,predicted
21151,LC4,right,visual_input,looming_sensor,acetylcholine,0.9661661064357494,acetylcholine,predicted
21165,LC4,right,visual_input,looming_sensor,acetylcholine,0.9718246374630756,acetylcholine,predicted
21225,LC4,right,visual_input,looming_sensor,acetylcholine,0.9592535038642727,acetylcholine,predicted
21287,LC4,right,visual_input,looming_sensor,acetylcholine,0.9695368212585712,acetylcholine,predicted
21313,LC4,right,visual_input,looming_sensor,acetylcholine,0.9605260154988619,acetylcholine,predicted
21336,LC4,right,visual_input,looming_sensor,acetylcholine,0.960597381716312,acetylcholine,predicted
21804,LC4,right,visual_input,looming_sensor,acetylcholine,0.9639934289414493,acetylcholine,predicted
22034,LC4,right,visual_input,looming_sensor,acetylcholine,0.9552901980097349,acetylcholine,predicted
22194,LC4,right,visual_input,looming_sensor,acetylcholine,0.9692904930750493,acetylcholine,predicted
22328,LC4,right,visual_input,looming_sensor,acetylcholine,0.9516347984461534,acetylcholine,predicted
22847,LC4,right,visual_input,looming_sensor,acetylcholine,0.9488937559895709,acetylcholine,predicted
22966,LC4,right,visual_input,looming_sensor,acetylcholine,0.9526944848878423,acetylcholine,predicted
22975,LC4,right,visual_input,looming_sensor,acetylcholine,0.971941627170669,acetylcholine,predicted
23098,LC4,right,visual_input,looming_sensor,acetylcholine,0.9719326004304287,acetylcholine,predicted
23392,LC4,right,visual_input,looming_sensor,acetylcholine,0.9551230104716241,acetylcholine,predicted
23792,LC4,right,visual_input,looming_sensor,acetylcholine,0.9634046035132354,acetylcholine,predicted
23929,LC4,right,visual_input,looming_sensor,acetylcholine,0.9643892999615815,acetylcholine,predicted
24338,LC4,right,visual_input,looming_sensor,acetylcholine,0.972049567950603,acetylcholine,predicted
25584,LC4,right,visual_input,looming_sensor,acetylcholine,0.9682778328031957,acetylcholine,predicted
26112,LC4,right,visual_input,looming_sensor,acetylcholine,0.9630496469580694,acetylcholine,predicted
28945,LC4,right,visual_input,looming_sensor,acetylcholine,0.9280274184907913,acetylcholine,predicted
29563,LC4,right,visual_input,looming_sensor,acetylcholine,0.9747326673375374,acetylcholine,predicted
30480,LC4,right,visual_input,looming_sensor,acetylcholine,0.9412277882761318,acetylcholine,predicted
30803,LC4,right,visual_input,looming_sensor,acetylcholine,0.9201132097090077,acetylcholine,predicted
31262,LC4,right,visual_input,looming_sensor,acetylcholine,0.9398639186994224,acetylcholine,predicted
38065,LC4,right,visual_input,looming_sensor,acetylcholine,0.9571178561852994,acetylcholine,predicted
527408,LC4,right,visual_input,looming_sensor,acetylcholine,0.9601790157399877,acetylcholine,predicted
11498,LPLC2,left,visual_input,looming_sensor,acetylcholine,0.9719990839316764,acetylcholine,predicted
12384,LPLC2,left,visual_input,looming_sensor,acetylcholine,0.9638177385905793,acetylcholine,predicted
13132,LPLC2,left,visual_input,looming_sensor,acetylcholine,0.9622623064173241,acetylcholine,predicted
13726,LPLC2,left,visual_input,looming_sensor,acetylcholine,0.939632215019012,acetylcholine,predicted
13764,LPLC2,left,visual_input,looming_sensor,acetylcholine,0.9597159223965809,acetylcholine,predicted
14030,LPLC2,left,visual_input,looming_sensor,acetylcholine,0.9553313439349465,acetylcholine,predicted
14102,LPLC2,left,visual_input,looming_sensor,acetylcholine,0.9594039737247122,acetylcholine,predicted
15804,LPLC2,left,visual_input,looming_sensor,acetylcholine,0.9670126567451541,acetylcholine,predicted
17059,LPLC2,left,visual_input,looming_sensor,acetylcholine,0.9545057197690786,acetylcholine,predicted
17544,LPLC2,left,visual_input,looming_sensor,acetylcholine,0.9507301245734692,acetylcholine,predicted
17774,LPLC2,left,visual_input,looming_sensor,acetylcholine,0.9456907438722101,acetylcholine,predicted
17775,LPLC2,left,visual_input,looming_sensor,acetylcholine,0.931808503611733,acetylcholine,predicted
17880,LPLC2,left,visual_input,looming_sensor,acetylcholine,0.9645065878433379,acetylcholine,predicted
17990,LPLC2,left,visual_input,looming_sensor,acetylcholine,0.9501138157092308,acetylcholine,predicted
18900,LPLC2,left,visual_input,looming_sensor,acetylcholine,0.9504534276885411,acetylcholine,predicted
18936,LPLC2,left,visual_input,looming_sensor,acetylcholine,0.9535206501303715,acetylcholine,predicted
19787,LPLC2,left,visual_input,looming_sensor,acetylcholine,0.9388947765370255,acetylcholine,predicted
19830,LPLC2,left,visual_input,looming_sensor,acetylcholine,0.9502299826415652,acetylcholine,predicted
19911,LPLC2,left,visual_input,looming_sensor,acetylcholine,0.9445652548418033,acetylcholine,predicted
20240,LPLC2,left,visual_input,looming_sensor,acetylcholine,0.9604633783218115,acetylcholine,predicted
20329,LPLC2,left,visual_input,looming_sensor,acetylcholine,0.9469972934697559,acetylcholine,predicted
20799,LPLC2,left,visual_input,looming_sensor,acetylcholine,0.9535165024415005,acetylcholine,predicted
21299,LPLC2,left,visual_input,looming_sensor,acetylcholine,0.9600793540395027,acetylcholine,predicted
21361,LPLC2,left,visual_input,looming_sensor,acetylcholine,0.9576838130925643,acetylcholine,predicted
22253,LPLC2,left,visual_input,looming_sensor,acetylcholine,0.9475025459661386,acetylcholine,predicted
22557,LPLC2,left,visual_input,looming_sensor,acetylcholine,0.9423776274910894,acetylcholine,predicted
23247,LPLC2,left,visual_input,looming_sensor,acetylcholine,0.9585126702785411,acetylcholine,predicted
23349,LPLC2,left,visual_input,looming_sensor,acetylcholine,0.9201390532994129,acetylcholine,predicted
23550,LPLC2,left,visual_input,looming_sensor,acetylcholine,0.9618776443664173,acetylcholine,predicted
23665,LPLC2,left,visual_input,looming_sensor,acetylcholine,0.9682830037875783,acetylcholine,predicted
23919,LPLC2,left,visual_input,looming_sensor,acetylcholine,0.9617293249738659,acetylcholine,predicted
24308,LPLC2,left,visual_input,looming_sensor,acetylcholine,0.9585068167866044,acetylcholine,predicted
24568,LPLC2,left,visual_input,looming_sensor,acetylcholine,0.9599839206531233,acetylcholine,predicted
24605,LPLC2,left,visual_input,looming_sensor,acetylcholine,0.9615981290535006,acetylcholine,predicted
24840,LPLC2,left,visual_input,looming_sensor,acetylcholine,0.9715259900544789,acetylcholine,predicted
25027,LPLC2,left,visual_input,looming_sensor,acetylcholine,0.9602486152054528,acetylcholine,predicted
25136,LPLC2,left,visual_input,looming_sensor,acetylcholine,0.9632587355091107,acetylcholine,predicted
25209,LPLC2,left,visual_input,looming_sensor,acetylcholine,0.9601783531008817,acetylcholine,predicted
25286,LPLC2,left,visual_input,looming_sensor,acetylcholine,0.9718148798997996,acetylcholine,predicted
25524,LPLC2,left,visual_input,looming_sensor,acetylcholine,0.9575816270609004,acetylcholine,predicted
25572,LPLC2,left,visual_input,looming_sensor,acetylcholine,0.9633756375241123,acetylcholine,predicted
25575,LPLC2,left,visual_input,looming_sensor,acetylcholine,0.947882856391675,acetylcholine,predicted
25854,LPLC2,left,visual_input,looming_sensor,acetylcholine,0.952972835676604,acetylcholine,predicted
26416,LPLC2,left,visual_input,looming_sensor,acetylcholine,0.9569553941520443,acetylcholine,predicted
26528,LPLC2,left,visual_input,looming_sensor,acetylcholine,0.9483296309001391,acetylcholine,predicted
27023,LPLC2,left,visual_input,looming_sensor,acetylcholine,0.9525317093794237,acetylcholine,predicted
27355,LPLC2,left,visual_input,looming_sensor,acetylcholine,0.956293472356562,acetylcholine,predicted
27399,LPLC2,left,visual_input,looming_sensor,acetylcholine,0.9417113013903196,acetylcholine,predicted
27716,LPLC2,left,visual_input,looming_sensor,acetylcholine,0.944515162669542,acetylcholine,predicted
27796,LPLC2,left,visual_input,looming_sensor,acetylcholine,0.9519621178308295,acetylcholine,predicted
28011,LPLC2,left,visual_input,looming_sensor,acetylcholine,0.9590233424419342,acetylcholine,predicted
28188,LPLC2,left,visual_input,looming_sensor,acetylcholine,0.9527599862886997,acetylcholine,predicted
29319,LPLC2,left,visual_input,looming_sensor,acetylcholine,0.9453502442220237,acetylcholine,predicted
29702,LPLC2,left,visual_input,looming_sensor,acetylcholine,0.9672635085034237,acetylcholine,predicted
29753,LPLC2,left,visual_input,looming_sensor,acetylcholine,0.9581426365251651,acetylcholine,predicted
29815,LPLC2,left,visual_input,looming_sensor,acetylcholine,0.9603634875626491,acetylcholine,predicted
29955,LPLC2,left,visual_input,looming_sensor,acetylcholine,0.9565816860245878,acetylcholine,predicted
30512,LPLC2,left,visual_input,looming_sensor,acetylcholine,0.97076685828951,acetylcholine,predicted
30893,LPLC2,left,visual_input,looming_sensor,acetylcholine,0.9582618126066118,acetylcholine,predicted
30895,LPLC2,left,visual_input,looming_sensor,acetylcholine,0.9574850475935127,acetylcholine,predicted
31105,LPLC2,left,visual_input,looming_sensor,acetylcholine,0.9705253259215602,acetylcholine,predicted
31563,LPLC2,left,visual_input,looming_sensor,acetylcholine,0.9570000421934456,acetylcholine,predicted
32223,LPLC2,left,visual_input,looming_sensor,acetylcholine,0.949509125377986,acetylcholine,predicted
32237,LPLC2,left,visual_input,looming_sensor,acetylcholine,0.9709673423349119,acetylcholine,predicted
32737,LPLC2,left,visual_input,looming_sensor,acetylcholine,0.9530858947656322,acetylcholine,predicted
33303,LPLC2,left,visual_input,looming_sensor,acetylcholine,0.9391766103482229,acetylcholine,predicted
33406,LPLC2,left,visual_input,looming_sensor,acetylcholine,0.9619091653145942,acetylcholine,predicted
33965,LPLC2,left,visual_input,looming_sensor,acetylcholine,0.9662269140812154,acetylcholine,predicted
34051,LPLC2,left,visual_input,looming_sensor,acetylcholine,0.9625527973348823,acetylcholine,predicted
34407,LPLC2,left,visual_input,looming_sensor,acetylcholine,0.9366710911174456,acetylcholine,predicted
34655,LPLC2,left,visual_input,looming_sensor,acetylcholine,0.9397874570404855,acetylcholine,predicted
35294,LPLC2,left,visual_input,looming_sensor,acetylcholine,0.9560499658895227,acetylcholine,predicted
40811,LPLC2,left,visual_input,looming_sensor,acetylcholine,0.9469148119222776,acetylcholine,predicted
40841,LPLC2,left,visual_input,looming_sensor,acetylcholine,0.9587229666966514,acetylcholine,predicted
41097,LPLC2,left,visual_input,looming_sensor,acetylcholine,0.9435632234223058,acetylcholine,predicted
95241,LPLC2,left,visual_input,looming_sensor,acetylcholine,0.9573029407515503,acetylcholine,predicted
100103,LPLC2,left,visual_input,looming_sensor,acetylcholine,0.9544844636887124,acetylcholine,predicted
111903,LPLC2,left,visual_input,looming_sensor,acetylcholine,0.9552275849181461,acetylcholine,predicted
112292,LPLC2,left,visual_input,looming_sensor,acetylcholine,0.9455155858521193,acetylcholine,predicted
129687,LPLC2,left,visual_input,looming_sensor,acetylcholine,0.9649970989120924,acetylcholine,predicted
134521,LPLC2,left,visual_input,looming_sensor,acetylcholine,0.9708926335054947,acetylcholine,predicted
514670,LPLC2,left,visual_input,looming_sensor,acetylcholine,0.9492895379016489,acetylcholine,predicted
515971,LPLC2,left,visual_input,looming_sensor,acetylcholine,0.9535103572756046,acetylcholine,predicted
517078,LPLC2,left,visual_input,looming_sensor,acetylcholine,0.9690003769731321,acetylcholine,predicted
517079,LPLC2,left,visual_input,looming_sensor,acetylcholine,0.9537772400409606,acetylcholine,predicted
517819,LPLC2,left,visual_input,looming_sensor,acetylcholine,0.9472379566409055,acetylcholine,predicted
518731,LPLC2,left,visual_input,looming_sensor,acetylcholine,0.9570130745045293,acetylcholine,predicted
520764,LPLC2,left,visual_input,looming_sensor,acetylcholine,0.9524585654423383,acetylcholine,predicted
521115,LPLC2,left,visual_input,looming_sensor,acetylcholine,0.9514549735444612,acetylcholine,predicted
524366,LPLC2,left,visual_input,looming_sensor,acetylcholine,0.9465928786989192,acetylcholine,predicted
525844,LPLC2,left,visual_input,looming_sensor,acetylcholine,0.9527713676731338,acetylcholine,predicted
531014,LPLC2,left,visual_input,looming_sensor,acetylcholine,0.9529328227689858,acetylcholine,predicted
533895,LPLC2,left,visual_input,looming_sensor,acetylcholine,0.9031805709828719,acetylcholine,predicted
536444,LPLC2,left,visual_input,looming_sensor,acetylcholine,0.9484407271027219,acetylcholine,predicted
14465,LPLC2,right,visual_input,looming_sensor,acetylcholine,0.9539464698220076,acetylcholine,predicted
17551,LPLC2,right,visual_input,looming_sensor,acetylcholine,0.9477360798295283,acetylcholine,predicted
18672,LPLC2,right,visual_input,looming_sensor,acetylcholine,0.9573228576665666,acetylcholine,predicted
18929,LPLC2,right,visual_input,looming_sensor,acetylcholine,0.969434933720748,acetylcholine,predicted
19034,LPLC2,right,visual_input,looming_sensor,acetylcholine,0.9557025591331909,acetylcholine,predicted
19146,LPLC2,right,visual_input,looming_sensor,acetylcholine,0.9458815032166805,acetylcholine,predicted
19229,LPLC2,right,visual_input,looming_sensor,acetylcholine,0.950219079323084,acetylcholine,predicted
19249,LPLC2,right,visual_input,looming_sensor,acetylcholine,0.9565573814195529,acetylcholine,predicted
19549,LPLC2,right,visual_input,looming_sensor,acetylcholine,0.958316212138652,acetylcholine,predicted
19589,LPLC2,right,visual_input,looming_sensor,acetylcholine,0.9545327819107509,acetylcholine,predicted
19608,LPLC2,right,visual_input,looming_sensor,acetylcholine,0.961024764794162,acetylcholine,predicted
19842,LPLC2,right,visual_input,looming_sensor,acetylcholine,0.9716479778512098,acetylcholine,predicted
20047,LPLC2,right,visual_input,looming_sensor,acetylcholine,0.9510197194199255,acetylcholine,predicted
20103,LPLC2,right,visual_input,looming_sensor,acetylcholine,0.9423148831387937,acetylcholine,predicted
20162,LPLC2,right,visual_input,looming_sensor,acetylcholine,0.9248057134409159,acetylcholine,predicted
20182,LPLC2,right,visual_input,looming_sensor,acetylcholine,0.9544594940057624,acetylcholine,predicted
20269,LPLC2,right,visual_input,looming_sensor,acetylcholine,0.9529461378362415,acetylcholine,predicted
20334,LPLC2,right,visual_input,looming_sensor,acetylcholine,0.9550554775295428,acetylcholine,predicted
20471,LPLC2,right,visual_input,looming_sensor,acetylcholine,0.8695915342936203,acetylcholine,predicted
20535,LPLC2,right,visual_input,looming_sensor,acetylcholine,0.949844081057672,acetylcholine,predicted
20584,LPLC2,right,visual_input,looming_sensor,acetylcholine,0.9498452216448902,acetylcholine,predicted
20694,LPLC2,right,visual_input,looming_sensor,acetylcholine,0.9629909970442846,acetylcholine,predicted
20749,LPLC2,right,visual_input,looming_sensor,acetylcholine,0.9662125278096403,acetylcholine,predicted
21045,LPLC2,right,visual_input,looming_sensor,acetylcholine,0.9427957666126541,acetylcholine,predicted
21318,LPLC2,right,visual_input,looming_sensor,acetylcholine,0.9505722848527999,acetylcholine,predicted
21562,LPLC2,right,visual_input,looming_sensor,acetylcholine,0.9569848140052273,acetylcholine,predicted
21703,LPLC2,right,visual_input,looming_sensor,acetylcholine,0.9315572619993122,acetylcholine,predicted
21769,LPLC2,right,visual_input,looming_sensor,acetylcholine,0.9479825931088266,acetylcholine,predicted
21808,LPLC2,right,visual_input,looming_sensor,acetylcholine,0.9586682634273505,acetylcholine,predicted
21862,LPLC2,right,visual_input,looming_sensor,acetylcholine,0.9458691672392405,acetylcholine,predicted
21899,LPLC2,right,visual_input,looming_sensor,acetylcholine,0.9602425736278616,acetylcholine,predicted
22218,LPLC2,right,visual_input,looming_sensor,acetylcholine,0.9536272172486061,acetylcholine,predicted
22261,LPLC2,right,visual_input,looming_sensor,acetylcholine,0.897933191420056,acetylcholine,predicted
22677,LPLC2,right,visual_input,looming_sensor,acetylcholine,0.968966357445747,acetylcholine,predicted
23497,LPLC2,right,visual_input,looming_sensor,acetylcholine,0.9492677940186429,acetylcholine,predicted
23590,LPLC2,right,visual_input,looming_sensor,acetylcholine,0.9437587268314594,acetylcholine,predicted
23878,LPLC2,right,visual_input,looming_sensor,acetylcholine,0.9540097659265037,acetylcholine,predicted
24118,LPLC2,right,visual_input,looming_sensor,acetylcholine,0.9417706342048847,acetylcholine,predicted
24187,LPLC2,right,visual_input,looming_sensor,acetylcholine,0.9565906010618173,acetylcholine,predicted
24268,LPLC2,right,visual_input,looming_sensor,acetylcholine,0.954882821803751,acetylcholine,predicted
24401,LPLC2,right,visual_input,looming_sensor,acetylcholine,0.9587004071225642,acetylcholine,predicted
24800,LPLC2,right,visual_input,looming_sensor,acetylcholine,0.9622946530074762,acetylcholine,predicted
25253,LPLC2,right,visual_input,looming_sensor,acetylcholine,0.9549329350841347,acetylcholine,predicted
25267,LPLC2,right,visual_input,looming_sensor,acetylcholine,0.9610270932869746,acetylcholine,predicted
25316,LPLC2,right,visual_input,looming_sensor,acetylcholine,0.9646494927848596,acetylcholine,predicted
25497,LPLC2,right,visual_input,looming_sensor,acetylcholine,0.967953050191576,acetylcholine,predicted
25511,LPLC2,right,visual_input,looming_sensor,acetylcholine,0.9546025843319051,acetylcholine,predicted
25636,LPLC2,right,visual_input,looming_sensor,acetylcholine,0.9600963523002438,acetylcholine,predicted
26147,LPLC2,right,visual_input,looming_sensor,acetylcholine,0.9434178784590433,acetylcholine,predicted
26393,LPLC2,right,visual_input,looming_sensor,acetylcholine,0.9379976560133138,acetylcholine,predicted
26730,LPLC2,right,visual_input,looming_sensor,acetylcholine,0.9379301490459037,acetylcholine,predicted
26915,LPLC2,right,visual_input,looming_sensor,acetylcholine,0.9506586390868356,acetylcholine,predicted
27471,LPLC2,right,visual_input,looming_sensor,acetylcholine,0.9542469799173818,acetylcholine,predicted
27566,LPLC2,right,visual_input,looming_sensor,acetylcholine,0.9568311848431221,acetylcholine,predicted
28003,LPLC2,right,visual_input,looming_sensor,acetylcholine,0.9396712586396865,acetylcholine,predicted
28044,LPLC2,right,visual_input,looming_sensor,acetylcholine,0.9492528312727224,acetylcholine,predicted
28741,LPLC2,right,visual_input,looming_sensor,acetylcholine,0.9522399056190392,acetylcholine,predicted
28871,LPLC2,right,visual_input,looming_sensor,acetylcholine,0.9715259900544789,acetylcholine,predicted
29014,LPLC2,right,visual_input,looming_sensor,acetylcholine,0.955114256050225,acetylcholine,predicted
29183,LPLC2,right,visual_input,looming_sensor,acetylcholine,0.963734446916392,acetylcholine,predicted
29216,LPLC2,right,visual_input,looming_sensor,acetylcholine,0.9445286190347973,acetylcholine,predicted
29287,LPLC2,right,visual_input,looming_sensor,acetylcholine,0.9384881541068631,acetylcholine,predicted
29391,LPLC2,right,visual_input,looming_sensor,acetylcholine,0.9495595755236619,acetylcholine,predicted
29598,LPLC2,right,visual_input,looming_sensor,acetylcholine,0.9615857649049515,acetylcholine,predicted
29873,LPLC2,right,visual_input,looming_sensor,acetylcholine,0.9524139849484892,acetylcholine,predicted
29986,LPLC2,right,visual_input,looming_sensor,acetylcholine,0.966928727614354,acetylcholine,predicted
30041,LPLC2,right,visual_input,looming_sensor,acetylcholine,0.9446232919946487,acetylcholine,predicted
30207,LPLC2,right,visual_input,looming_sensor,acetylcholine,0.9571748022220987,acetylcholine,predicted
30938,LPLC2,right,visual_input,looming_sensor,acetylcholine,0.9396783761658377,acetylcholine,predicted
31257,LPLC2,right,visual_input,looming_sensor,acetylcholine,0.9553946587556852,acetylcholine,predicted
31964,LPLC2,right,visual_input,looming_sensor,acetylcholine,0.9460766902077404,acetylcholine,predicted
31988,LPLC2,right,visual_input,looming_sensor,acetylcholine,0.9489390321740269,acetylcholine,predicted
32507,LPLC2,right,visual_input,looming_sensor,acetylcholine,0.9448088131435587,acetylcholine,predicted
33185,LPLC2,right,visual_input,looming_sensor,acetylcholine,0.9348149618337542,acetylcholine,predicted
33396,LPLC2,right,visual_input,looming_sensor,acetylcholine,0.9451278248313695,acetylcholine,predicted
33439,LPLC2,right,visual_input,looming_sensor,acetylcholine,0.935786446071104,acetylcholine,predicted
33694,LPLC2,right,visual_input,looming_sensor,acetylcholine,0.9557784341822806,acetylcholine,predicted
34110,LPLC2,right,visual_input,looming_sensor,acetylcholine,0.9620058871810008,acetylcholine,predicted
34372,LPLC2,right,visual_input,looming_sensor,acetylcholine,0.9545148186385969,acetylcholine,predicted
34681,LPLC2,right,visual_input,looming_sensor,acetylcholine,0.9618350140176259,acetylcholine,predicted
35632,LPLC2,right,visual_input,looming_sensor,acetylcholine,0.9634652244378623,acetylcholine,predicted
35680,LPLC2,right,visual_input,looming_sensor,acetylcholine,0.9508398264427125,acetylcholine,predicted
35838,LPLC2,right,visual_input,looming_sensor,acetylcholine,0.9508262242367057,acetylcholine,predicted
35889,LPLC2,right,visual_input,looming_sensor,acetylcholine,0.9543256699763389,acetylcholine,predicted
37431,LPLC2,right,visual_input,looming_sensor,acetylcholine,0.9539400820166709,acetylcholine,predicted
37613,LPLC2,right,visual_input,looming_sensor,acetylcholine,0.8271125192258431,acetylcholine,predicted
37925,LPLC2,right,visual_input,looming_sensor,acetylcholine,0.9543779853813951,acetylcholine,predicted
38542,LPLC2,right,visual_input,looming_sensor,acetylcholine,0.9699182965630361,acetylcholine,predicted
39620,LPLC2,right,visual_input,looming_sensor,acetylcholine,0.9653679396697173,acetylcholine,predicted
50287,LPLC2,right,visual_input,looming_sensor,acetylcholine,0.9266423461161072,acetylcholine,predicted
55627,LPLC2,right,visual_input,looming_sensor,acetylcholine,0.9309102481568533,acetylcholine,predicted
